Nonterminals useless in grammar

    designation
    designator_list
    designator


Terminals unused in grammar

    INT_CONST
    FLOAT_CONST
    DOUBLE_CONST


Rules useless in grammar

  275 designation: designator_list '='

  276 designator_list: designator
  277                | designator_list designator

  278 designator: '[' constant_expression ']'
  279           | '.' IDENTIFIER


State 23 conflicts: 1 shift/reduce
State 353 conflicts: 1 shift/reduce
State 385 conflicts: 1 shift/reduce
State 393 conflicts: 2 reduce/reduce
State 394 conflicts: 2 reduce/reduce
State 434 conflicts: 8 shift/reduce
State 436 conflicts: 8 shift/reduce
State 437 conflicts: 8 shift/reduce
State 460 conflicts: 1 shift/reduce


Grammar

    0 $accept: translation_unit $end

    1 primary_expression: IDENTIFIER
    2                   | constant
    3                   | string
    4                   | '(' expression ')'
    5                   | generic_selection

    6 constant: I_CONSTANT
    7         | F_CONSTANT
    8         | ENUMERATION_CONSTANT

    9 enumeration_constant: IDENTIFIER

   10 string: STRING_LITERAL
   11       | FUNC_NAME

   12 generic_selection: GENERIC '(' assignment_expression ',' generic_assoc_list ')'

   13 generic_assoc_list: generic_association
   14                   | generic_assoc_list ',' generic_association

   15 generic_association: type_name ':' assignment_expression
   16                    | DEFAULT ':' assignment_expression

   17 postfix_expression: primary_expression
   18                   | postfix_expression '[' expression ']'
   19                   | postfix_expression '(' ')'
   20                   | postfix_expression '(' argument_expression_list ')'
   21                   | postfix_expression '.' IDENTIFIER
   22                   | postfix_expression PTR_OP IDENTIFIER
   23                   | postfix_expression INC_OP
   24                   | postfix_expression DEC_OP
   25                   | '(' type_name ')' '{' initializer_list '}'
   26                   | '(' type_name ')' '{' initializer_list ',' '}'

   27 argument_expression_list: assignment_expression
   28                         | argument_expression_list ',' assignment_expression

   29 unary_expression: postfix_expression
   30                 | INC_OP unary_expression
   31                 | DEC_OP unary_expression
   32                 | unary_operator cast_expression
   33                 | SIZEOF unary_expression
   34                 | SIZEOF '(' type_name ')'
   35                 | ALIGNOF '(' type_name ')'

   36 unary_operator: '&'
   37               | '*'
   38               | '+'
   39               | '-'
   40               | '~'
   41               | '!'

   42 cast_expression: unary_expression
   43                | '(' type_name ')' cast_expression

   44 multiplicative_expression: cast_expression
   45                          | multiplicative_expression '*' cast_expression
   46                          | multiplicative_expression '/' cast_expression
   47                          | multiplicative_expression '%' cast_expression

   48 additive_expression: multiplicative_expression
   49                    | additive_expression '+' multiplicative_expression
   50                    | additive_expression '-' multiplicative_expression

   51 shift_expression: additive_expression
   52                 | shift_expression LEFT_OP additive_expression
   53                 | shift_expression RIGHT_OP additive_expression

   54 relational_expression: shift_expression
   55                      | relational_expression '<' shift_expression
   56                      | relational_expression '>' shift_expression
   57                      | relational_expression LE_OP shift_expression
   58                      | relational_expression GE_OP shift_expression

   59 equality_expression: relational_expression
   60                    | equality_expression EQ_OP relational_expression
   61                    | equality_expression NE_OP relational_expression

   62 and_expression: equality_expression
   63               | and_expression '&' equality_expression

   64 exclusive_or_expression: and_expression
   65                        | exclusive_or_expression '^' and_expression

   66 inclusive_or_expression: exclusive_or_expression
   67                        | inclusive_or_expression '|' exclusive_or_expression

   68 logical_and_expression: inclusive_or_expression
   69                       | logical_and_expression AND_OP inclusive_or_expression

   70 logical_or_expression: logical_and_expression
   71                      | logical_or_expression OR_OP logical_and_expression

   72 conditional_expression: logical_or_expression
   73                       | logical_or_expression '?' expression ':' conditional_expression

   74 assignment_expression: conditional_expression
   75                      | unary_expression assignment_operator assignment_expression

   76 assignment_operator: '='
   77                    | MUL_ASSIGN
   78                    | DIV_ASSIGN
   79                    | MOD_ASSIGN
   80                    | ADD_ASSIGN
   81                    | SUB_ASSIGN
   82                    | LEFT_ASSIGN
   83                    | RIGHT_ASSIGN
   84                    | AND_ASSIGN
   85                    | XOR_ASSIGN
   86                    | OR_ASSIGN

   87 expression: assignment_expression
   88           | expression ',' assignment_expression

   89 constant_expression: conditional_expression

   90 declaration: declaration_specifiers ';'
   91            | declaration_specifiers init_declarator_list ';'
   92            | static_assert_declaration

   93 declaration_specifiers: storage_class_specifier declaration_specifiers
   94                       | storage_class_specifier
   95                       | type_specifier declaration_specifiers
   96                       | type_specifier
   97                       | type_qualifier declaration_specifiers
   98                       | type_qualifier
   99                       | function_specifier declaration_specifiers
  100                       | function_specifier
  101                       | alignment_specifier declaration_specifiers
  102                       | alignment_specifier

  103 init_declarator_list: init_declarator
  104                     | init_declarator_list ',' init_declarator

  105 init_declarator: declarator '=' initializer
  106                | declarator

  107 storage_class_specifier: TYPEDEF
  108                        | EXTERN
  109                        | STATIC
  110                        | THREAD_LOCAL
  111                        | AUTO
  112                        | REGISTER

  113 type_specifier: VOID
  114               | CHAR
  115               | SHORT
  116               | INT
  117               | LONG
  118               | FLOAT
  119               | DOUBLE
  120               | SIGNED
  121               | UNSIGNED
  122               | BOOL
  123               | COMPLEX
  124               | IMAGINARY
  125               | atomic_type_specifier
  126               | struct_or_union_specifier
  127               | enum_specifier
  128               | TYPEDEF_NAME

  129 struct_or_union_specifier: struct_or_union '{' struct_declaration_list '}'
  130                          | struct_or_union IDENTIFIER '{' struct_declaration_list '}'
  131                          | struct_or_union IDENTIFIER

  132 struct_or_union: STRUCT
  133                | UNION

  134 struct_declaration_list: struct_declaration
  135                        | struct_declaration_list struct_declaration

  136 struct_declaration: specifier_qualifier_list ';'
  137                   | specifier_qualifier_list struct_declarator_list ';'
  138                   | static_assert_declaration

  139 specifier_qualifier_list: type_specifier specifier_qualifier_list
  140                         | type_specifier
  141                         | type_qualifier specifier_qualifier_list
  142                         | type_qualifier

  143 struct_declarator_list: struct_declarator
  144                       | struct_declarator_list ',' struct_declarator

  145 struct_declarator: ':' constant_expression
  146                  | declarator ':' constant_expression
  147                  | declarator

  148 enum_specifier: ENUM '{' enumerator_list '}'
  149               | ENUM '{' enumerator_list ',' '}'
  150               | ENUM IDENTIFIER '{' enumerator_list '}'
  151               | ENUM IDENTIFIER '{' enumerator_list ',' '}'
  152               | ENUM IDENTIFIER

  153 enumerator_list: enumerator
  154                | enumerator_list ',' enumerator

  155 enumerator: enumeration_constant '=' constant_expression
  156           | enumeration_constant

  157 atomic_type_specifier: ATOMIC '(' type_name ')'

  158 type_qualifier: CONST
  159               | RESTRICT
  160               | VOLATILE
  161               | ATOMIC

  162 function_specifier: INLINE
  163                   | NORETURN

  164 alignment_specifier: ALIGNAS '(' type_name ')'
  165                    | ALIGNAS '(' constant_expression ')'

  166 declarator: pointer direct_declarator
  167           | direct_declarator

  168 direct_declarator: IDENTIFIER
  169                  | '(' declarator ')'
  170                  | direct_declarator '[' ']'
  171                  | direct_declarator '[' '*' ']'
  172                  | direct_declarator '[' STATIC type_qualifier_list assignment_expression ']'
  173                  | direct_declarator '[' STATIC assignment_expression ']'
  174                  | direct_declarator '[' type_qualifier_list '*' ']'
  175                  | direct_declarator '[' type_qualifier_list STATIC assignment_expression ']'
  176                  | direct_declarator '[' type_qualifier_list assignment_expression ']'
  177                  | direct_declarator '[' type_qualifier_list ']'
  178                  | direct_declarator '[' assignment_expression ']'
  179                  | direct_declarator '(' parameter_type_list ')'
  180                  | direct_declarator '(' ')'
  181                  | direct_declarator '(' identifier_list ')'

  182 pointer: '*' type_qualifier_list pointer
  183        | '*' type_qualifier_list
  184        | '*' pointer
  185        | '*'

  186 type_qualifier_list: type_qualifier
  187                    | type_qualifier_list type_qualifier

  188 parameter_type_list: parameter_list ',' ELLIPSIS
  189                    | parameter_list

  190 parameter_list: parameter_declaration
  191               | parameter_list ',' parameter_declaration

  192 parameter_declaration: declaration_specifiers declarator
  193                      | declaration_specifiers abstract_declarator
  194                      | declaration_specifiers

  195 identifier_list: IDENTIFIER
  196                | identifier_list ',' IDENTIFIER

  197 type_name: specifier_qualifier_list abstract_declarator
  198          | specifier_qualifier_list

  199 abstract_declarator: pointer direct_abstract_declarator
  200                    | pointer
  201                    | direct_abstract_declarator

  202 direct_abstract_declarator: '(' abstract_declarator ')'
  203                           | '[' ']'
  204                           | '[' '*' ']'
  205                           | '[' STATIC type_qualifier_list assignment_expression ']'
  206                           | '[' STATIC assignment_expression ']'
  207                           | '[' type_qualifier_list STATIC assignment_expression ']'
  208                           | '[' type_qualifier_list assignment_expression ']'
  209                           | '[' type_qualifier_list ']'
  210                           | '[' assignment_expression ']'
  211                           | direct_abstract_declarator '[' ']'
  212                           | direct_abstract_declarator '[' '*' ']'
  213                           | direct_abstract_declarator '[' STATIC type_qualifier_list assignment_expression ']'
  214                           | direct_abstract_declarator '[' STATIC assignment_expression ']'
  215                           | direct_abstract_declarator '[' type_qualifier_list assignment_expression ']'
  216                           | direct_abstract_declarator '[' type_qualifier_list STATIC assignment_expression ']'
  217                           | direct_abstract_declarator '[' type_qualifier_list ']'
  218                           | direct_abstract_declarator '[' assignment_expression ']'
  219                           | '(' ')'
  220                           | '(' parameter_type_list ')'
  221                           | direct_abstract_declarator '(' ')'
  222                           | direct_abstract_declarator '(' parameter_type_list ')'

  223 initializer: '{' initializer_list '}'
  224            | '{' initializer_list ',' '}'
  225            | assignment_expression

  226 initializer_list: initializer

  227 static_assert_declaration: STATIC_ASSERT '(' constant_expression ',' STRING_LITERAL ')' ';'

  228 statement: labeled_statement
  229          | compound_statement
  230          | expression_statement
  231          | selection_statement
  232          | iteration_statement
  233          | jump_statement

  234 labeled_statement: IDENTIFIER ':' statement
  235                  | CASE constant_expression ':' statement
  236                  | DEFAULT ':' statement

  237 compound_statement: '{' '}'
  238                   | '{' block_item_list '}'

  239 block_item_list: block_item
  240                | block_item_list block_item

  241 block_item: declaration
  242           | statement

  243 expression_statement: ';'
  244                     | expression ';'

  245 selection_statement: IF '(' expression ')' statement ELSE statement
  246                    | IF '(' expression ')' statement
  247                    | IF expression compound_statement ELSE compound_statement
  248                    | IF expression compound_statement
  249                    | SWITCH '(' expression ')' statement
  250                    | SWITCH expression compound_statement

  251 iteration_statement: WHILE '(' expression ')' statement
  252                    | WHILE expression compound_statement
  253                    | DO statement WHILE '(' expression ')' ';'
  254                    | FOR expression_statement expression_statement compound_statement
  255                    | FOR expression_statement expression_statement expression_statement compound_statement
  256                    | FOR declaration expression_statement expression compound_statement
  257                    | FOR declaration expression_statement compound_statement
  258                    | FOR '(' expression_statement expression_statement ')' statement
  259                    | FOR '(' expression_statement expression_statement expression ')' statement
  260                    | FOR '(' declaration expression_statement ')' statement
  261                    | FOR '(' declaration expression_statement expression ')' statement

  262 jump_statement: GOTO IDENTIFIER ';'
  263               | CONTINUE ';'
  264               | BREAK ';'
  265               | RETURN ';'
  266               | RETURN expression ';'

  267 translation_unit: external_declaration
  268                 | translation_unit external_declaration

  269 external_declaration: function_definition
  270                     | declaration

  271 function_definition: declaration_specifiers declarator declaration_list compound_statement
  272                    | declaration_specifiers declarator compound_statement

  273 declaration_list: declaration
  274                 | declaration_list declaration


Terminals, with rules where they appear

    $end (0) 0
    '!' (33) 41
    '%' (37) 47
    '&' (38) 36 63
    '(' (40) 4 12 19 20 25 26 34 35 43 157 164 165 169 179 180 181 202 219 220 221 222 227 245 246 249 251 253 258 259 260 261
    ')' (41) 4 12 19 20 25 26 34 35 43 157 164 165 169 179 180 181 202 219 220 221 222 227 245 246 249 251 253 258 259 260 261
    '*' (42) 37 45 171 174 182 183 184 185 204 212
    '+' (43) 38 49
    ',' (44) 12 14 26 28 88 104 144 149 151 154 188 191 196 224 227
    '-' (45) 39 50
    '.' (46) 21
    '/' (47) 46
    ':' (58) 15 16 73 145 146 234 235 236
    ';' (59) 90 91 136 137 227 243 244 253 262 263 264 265 266
    '<' (60) 55
    '=' (61) 76 105 155
    '>' (62) 56
    '?' (63) 73
    '[' (91) 18 170 171 172 173 174 175 176 177 178 203 204 205 206 207 208 209 210 211 212 213 214 215 216 217 218
    ']' (93) 18 170 171 172 173 174 175 176 177 178 203 204 205 206 207 208 209 210 211 212 213 214 215 216 217 218
    '^' (94) 65
    '{' (123) 25 26 129 130 148 149 150 151 223 224 237 238
    '|' (124) 67
    '}' (125) 25 26 129 130 148 149 150 151 223 224 237 238
    '~' (126) 40
    error (256)
    SIZEOF (258) 33 34
    PTR_OP (259) 22
    INC_OP (260) 23 30
    DEC_OP (261) 24 31
    MUL_ASSIGN (262) 77
    DIV_ASSIGN (263) 78
    MOD_ASSIGN (264) 79
    ADD_ASSIGN (265) 80
    SUB_ASSIGN (266) 81
    LEFT_ASSIGN (267) 82
    RIGHT_ASSIGN (268) 83
    AND_ASSIGN (269) 84
    XOR_ASSIGN (270) 85
    OR_ASSIGN (271) 86
    TYPEDEF_NAME (272) 128
    TYPEDEF (273) 107
    EXTERN (274) 108
    STATIC (275) 109 172 173 175 205 206 207 213 214 216
    AUTO (276) 111
    REGISTER (277) 112
    INLINE (278) 162
    CONST (279) 158
    RESTRICT (280) 159
    VOLATILE (281) 160
    CHAR (282) 114
    SHORT (283) 115
    LONG (284) 117
    SIGNED (285) 120
    UNSIGNED (286) 121
    VOID (287) 113
    COMPLEX (288) 123
    IMAGINARY (289) 124
    STRUCT (290) 132
    UNION (291) 133
    ENUM (292) 148 149 150 151 152
    ELLIPSIS (293) 188
    CASE (294) 235
    DEFAULT (295) 16 236
    IF (296) 245 246 247 248
    ELSE (297) 245 247
    SWITCH (298) 249 250
    WHILE (299) 251 252 253
    DO (300) 253
    FOR (301) 254 255 256 257 258 259 260 261
    GOTO (302) 262
    CONTINUE (303) 263
    BREAK (304) 264
    RETURN (305) 265 266
    ALIGNAS (306) 164 165
    ALIGNOF (307) 35
    ATOMIC (308) 157 161
    NORETURN (309) 163
    STATIC_ASSERT (310) 227
    THREAD_LOCAL (311) 110
    INT <yyt_type> (312) 116
    FLOAT <yyt_type> (313) 118
    IDENTIFIER <id> (314) 1 9 21 22 130 131 150 151 152 168 195 196 234 262
    STRING_LITERAL <id> (315) 10 227
    ENUMERATION_CONSTANT <id> (316) 8
    FUNC_NAME <id> (317) 11
    GENERIC <id> (318) 12
    INT_CONST <intval> (319)
    I_CONSTANT <intval> (320) 6
    FLOAT_CONST <floatval> (321)
    F_CONSTANT <floatval> (322) 7
    DOUBLE_CONST <doubleval> (323)
    DOUBLE <doubleval> (324) 119
    BOOL <boolval> (325) 122
    LE_OP <intval> (326) 57
    GE_OP <intval> (327) 58
    EQ_OP <intval> (328) 60
    NE_OP <intval> (329) 61
    AND_OP <intval> (330) 69
    OR_OP <intval> (331) 71
    LEFT_OP <intval> (332) 52
    RIGHT_OP <intval> (333) 53


Nonterminals, with rules where they appear

    $accept (103)
        on left: 0
    primary_expression <node> (104)
        on left: 1 2 3 4 5
        on right: 17
    constant <node> (105)
        on left: 6 7 8
        on right: 2
    enumeration_constant <node> (106)
        on left: 9
        on right: 155 156
    string <id> (107)
        on left: 10 11
        on right: 3
    generic_selection <node> (108)
        on left: 12
        on right: 5
    generic_assoc_list (109)
        on left: 13 14
        on right: 12 14
    generic_association (110)
        on left: 15 16
        on right: 13 14
    postfix_expression <node> (111)
        on left: 17 18 19 20 21 22 23 24 25 26
        on right: 18 19 20 21 22 23 24 29
    argument_expression_list <node> (112)
        on left: 27 28
        on right: 20 28
    unary_expression <node> (113)
        on left: 29 30 31 32 33 34 35
        on right: 30 31 33 42 75
    unary_operator (114)
        on left: 36 37 38 39 40 41
        on right: 32
    cast_expression <node> (115)
        on left: 42 43
        on right: 32 43 44 45 46 47
    multiplicative_expression <node> (116)
        on left: 44 45 46 47
        on right: 45 46 47 48 49 50
    additive_expression <node> (117)
        on left: 48 49 50
        on right: 49 50 51 52 53
    shift_expression <node> (118)
        on left: 51 52 53
        on right: 52 53 54 55 56 57 58
    relational_expression <node> (119)
        on left: 54 55 56 57 58
        on right: 55 56 57 58 59 60 61
    equality_expression <node> (120)
        on left: 59 60 61
        on right: 60 61 62 63
    and_expression <node> (121)
        on left: 62 63
        on right: 63 64 65
    exclusive_or_expression <node> (122)
        on left: 64 65
        on right: 65 66 67
    inclusive_or_expression <node> (123)
        on left: 66 67
        on right: 67 68 69
    logical_and_expression <node> (124)
        on left: 68 69
        on right: 69 70 71
    logical_or_expression <node> (125)
        on left: 70 71
        on right: 71 72 73
    conditional_expression <node> (126)
        on left: 72 73
        on right: 73 74 89
    assignment_expression <node> (127)
        on left: 74 75
        on right: 12 15 16 27 28 75 87 88 172 173 175 176 178 205 206 207 208 210 213 214 215 216 218 225
    assignment_operator (128)
        on left: 76 77 78 79 80 81 82 83 84 85 86
        on right: 75
    expression <node> (129)
        on left: 87 88
        on right: 4 18 73 88 244 245 246 247 248 249 250 251 252 253 256 259 261 266
    constant_expression <node> (130)
        on left: 89
        on right: 145 146 155 165 227 235
    declaration <node> (131)
        on left: 90 91 92
        on right: 241 256 257 260 261 270 273 274
    declaration_specifiers <node> (132)
        on left: 93 94 95 96 97 98 99 100 101 102
        on right: 90 91 93 95 97 99 101 192 193 194 271 272
    init_declarator_list <node> (133)
        on left: 103 104
        on right: 91 104
    init_declarator <node> (134)
        on left: 105 106
        on right: 103 104
    storage_class_specifier (135)
        on left: 107 108 109 110 111 112
        on right: 93 94
    type_specifier <node> (136)
        on left: 113 114 115 116 117 118 119 120 121 122 123 124 125 126 127 128
        on right: 95 96 139 140
    struct_or_union_specifier <node> (137)
        on left: 129 130 131
        on right: 126
    struct_or_union <node> (138)
        on left: 132 133
        on right: 129 130 131
    struct_declaration_list <node> (139)
        on left: 134 135
        on right: 129 130 135
    struct_declaration <node> (140)
        on left: 136 137 138
        on right: 134 135
    specifier_qualifier_list <node> (141)
        on left: 139 140 141 142
        on right: 136 137 139 141 197 198
    struct_declarator_list <node> (142)
        on left: 143 144
        on right: 137 144
    struct_declarator <node> (143)
        on left: 145 146 147
        on right: 143 144
    enum_specifier (144)
        on left: 148 149 150 151 152
        on right: 127
    enumerator_list (145)
        on left: 153 154
        on right: 148 149 150 151 154
    enumerator (146)
        on left: 155 156
        on right: 153 154
    atomic_type_specifier (147)
        on left: 157
        on right: 125
    type_qualifier (148)
        on left: 158 159 160 161
        on right: 97 98 141 142 186 187
    function_specifier (149)
        on left: 162 163
        on right: 99 100
    alignment_specifier (150)
        on left: 164 165
        on right: 101 102
    declarator <node> (151)
        on left: 166 167
        on right: 105 106 146 147 169 192 271 272
    direct_declarator <node> (152)
        on left: 168 169 170 171 172 173 174 175 176 177 178 179 180 181
        on right: 166 167 170 171 172 173 174 175 176 177 178 179 180 181
    pointer <node> (153)
        on left: 182 183 184 185
        on right: 166 182 184 199 200
    type_qualifier_list (154)
        on left: 186 187
        on right: 172 174 175 176 177 182 183 187 205 207 208 209 213 215 216 217
    parameter_type_list <node> (155)
        on left: 188 189
        on right: 179 220 222
    parameter_list <node> (156)
        on left: 190 191
        on right: 188 189 191
    parameter_declaration <node> (157)
        on left: 192 193 194
        on right: 190 191
    identifier_list (158)
        on left: 195 196
        on right: 181 196
    type_name (159)
        on left: 197 198
        on right: 15 25 26 34 35 43 157 164
    abstract_declarator (160)
        on left: 199 200 201
        on right: 193 197 202
    direct_abstract_declarator (161)
        on left: 202 203 204 205 206 207 208 209 210 211 212 213 214 215 216 217 218 219 220 221 222
        on right: 199 201 211 212 213 214 215 216 217 218 221 222
    initializer <node> (162)
        on left: 223 224 225
        on right: 105 226
    initializer_list <node> (163)
        on left: 226
        on right: 25 26 223 224
    static_assert_declaration (164)
        on left: 227
        on right: 92 138
    statement <node> (165)
        on left: 228 229 230 231 232 233
        on right: 234 235 236 242 245 246 249 251 253 258 259 260 261
    labeled_statement <node> (166)
        on left: 234 235 236
        on right: 228
    compound_statement <node> (167)
        on left: 237 238
        on right: 229 247 248 250 252 254 255 256 257 271 272
    block_item_list <node> (168)
        on left: 239 240
        on right: 238 240
    block_item <node> (169)
        on left: 241 242
        on right: 239 240
    expression_statement <node> (170)
        on left: 243 244
        on right: 230 254 255 256 257 258 259 260 261
    selection_statement <node> (171)
        on left: 245 246 247 248 249 250
        on right: 231
    iteration_statement <node> (172)
        on left: 251 252 253 254 255 256 257 258 259 260 261
        on right: 232
    jump_statement <node> (173)
        on left: 262 263 264 265 266
        on right: 233
    translation_unit <node> (174)
        on left: 267 268
        on right: 0 268
    external_declaration <node> (175)
        on left: 269 270
        on right: 267 268
    function_definition <node> (176)
        on left: 271 272
        on right: 269
    declaration_list <node> (177)
        on left: 273 274
        on right: 271 274


State 0

    0 $accept: • translation_unit $end

    TYPEDEF_NAME   shift, and go to state 1
    TYPEDEF        shift, and go to state 2
    EXTERN         shift, and go to state 3
    STATIC         shift, and go to state 4
    AUTO           shift, and go to state 5
    REGISTER       shift, and go to state 6
    INLINE         shift, and go to state 7
    CONST          shift, and go to state 8
    RESTRICT       shift, and go to state 9
    VOLATILE       shift, and go to state 10
    CHAR           shift, and go to state 11
    SHORT          shift, and go to state 12
    LONG           shift, and go to state 13
    SIGNED         shift, and go to state 14
    UNSIGNED       shift, and go to state 15
    VOID           shift, and go to state 16
    COMPLEX        shift, and go to state 17
    IMAGINARY      shift, and go to state 18
    STRUCT         shift, and go to state 19
    UNION          shift, and go to state 20
    ENUM           shift, and go to state 21
    ALIGNAS        shift, and go to state 22
    ATOMIC         shift, and go to state 23
    NORETURN       shift, and go to state 24
    STATIC_ASSERT  shift, and go to state 25
    THREAD_LOCAL   shift, and go to state 26
    INT            shift, and go to state 27
    FLOAT          shift, and go to state 28
    DOUBLE         shift, and go to state 29
    BOOL           shift, and go to state 30

    declaration                go to state 31
    declaration_specifiers     go to state 32
    storage_class_specifier    go to state 33
    type_specifier             go to state 34
    struct_or_union_specifier  go to state 35
    struct_or_union            go to state 36
    enum_specifier             go to state 37
    atomic_type_specifier      go to state 38
    type_qualifier             go to state 39
    function_specifier         go to state 40
    alignment_specifier        go to state 41
    static_assert_declaration  go to state 42
    translation_unit           go to state 43
    external_declaration       go to state 44
    function_definition        go to state 45


State 1

  128 type_specifier: TYPEDEF_NAME •

    $default  reduce using rule 128 (type_specifier)


State 2

  107 storage_class_specifier: TYPEDEF •

    $default  reduce using rule 107 (storage_class_specifier)


State 3

  108 storage_class_specifier: EXTERN •

    $default  reduce using rule 108 (storage_class_specifier)


State 4

  109 storage_class_specifier: STATIC •

    $default  reduce using rule 109 (storage_class_specifier)


State 5

  111 storage_class_specifier: AUTO •

    $default  reduce using rule 111 (storage_class_specifier)


State 6

  112 storage_class_specifier: REGISTER •

    $default  reduce using rule 112 (storage_class_specifier)


State 7

  162 function_specifier: INLINE •

    $default  reduce using rule 162 (function_specifier)


State 8

  158 type_qualifier: CONST •

    $default  reduce using rule 158 (type_qualifier)


State 9

  159 type_qualifier: RESTRICT •

    $default  reduce using rule 159 (type_qualifier)


State 10

  160 type_qualifier: VOLATILE •

    $default  reduce using rule 160 (type_qualifier)


State 11

  114 type_specifier: CHAR •

    $default  reduce using rule 114 (type_specifier)


State 12

  115 type_specifier: SHORT •

    $default  reduce using rule 115 (type_specifier)


State 13

  117 type_specifier: LONG •

    $default  reduce using rule 117 (type_specifier)


State 14

  120 type_specifier: SIGNED •

    $default  reduce using rule 120 (type_specifier)


State 15

  121 type_specifier: UNSIGNED •

    $default  reduce using rule 121 (type_specifier)


State 16

  113 type_specifier: VOID •

    $default  reduce using rule 113 (type_specifier)


State 17

  123 type_specifier: COMPLEX •

    $default  reduce using rule 123 (type_specifier)


State 18

  124 type_specifier: IMAGINARY •

    $default  reduce using rule 124 (type_specifier)


State 19

  132 struct_or_union: STRUCT •

    $default  reduce using rule 132 (struct_or_union)


State 20

  133 struct_or_union: UNION •

    $default  reduce using rule 133 (struct_or_union)


State 21

  148 enum_specifier: ENUM • '{' enumerator_list '}'
  149               | ENUM • '{' enumerator_list ',' '}'
  150               | ENUM • IDENTIFIER '{' enumerator_list '}'
  151               | ENUM • IDENTIFIER '{' enumerator_list ',' '}'
  152               | ENUM • IDENTIFIER

    IDENTIFIER  shift, and go to state 46
    '{'         shift, and go to state 47


State 22

  164 alignment_specifier: ALIGNAS • '(' type_name ')'
  165                    | ALIGNAS • '(' constant_expression ')'

    '('  shift, and go to state 48


State 23

  157 atomic_type_specifier: ATOMIC • '(' type_name ')'
  161 type_qualifier: ATOMIC •

    '('  shift, and go to state 49

    '('       [reduce using rule 161 (type_qualifier)]
    $default  reduce using rule 161 (type_qualifier)


State 24

  163 function_specifier: NORETURN •

    $default  reduce using rule 163 (function_specifier)


State 25

  227 static_assert_declaration: STATIC_ASSERT • '(' constant_expression ',' STRING_LITERAL ')' ';'

    '('  shift, and go to state 50


State 26

  110 storage_class_specifier: THREAD_LOCAL •

    $default  reduce using rule 110 (storage_class_specifier)


State 27

  116 type_specifier: INT •

    $default  reduce using rule 116 (type_specifier)


State 28

  118 type_specifier: FLOAT •

    $default  reduce using rule 118 (type_specifier)


State 29

  119 type_specifier: DOUBLE •

    $default  reduce using rule 119 (type_specifier)


State 30

  122 type_specifier: BOOL •

    $default  reduce using rule 122 (type_specifier)


State 31

  270 external_declaration: declaration •

    $default  reduce using rule 270 (external_declaration)


State 32

   90 declaration: declaration_specifiers • ';'
   91            | declaration_specifiers • init_declarator_list ';'
  271 function_definition: declaration_specifiers • declarator declaration_list compound_statement
  272                    | declaration_specifiers • declarator compound_statement

    IDENTIFIER  shift, and go to state 51
    '('         shift, and go to state 52
    '*'         shift, and go to state 53
    ';'         shift, and go to state 54

    init_declarator_list  go to state 55
    init_declarator       go to state 56
    declarator            go to state 57
    direct_declarator     go to state 58
    pointer               go to state 59


State 33

   93 declaration_specifiers: storage_class_specifier • declaration_specifiers
   94                       | storage_class_specifier •

    TYPEDEF_NAME  shift, and go to state 1
    TYPEDEF       shift, and go to state 2
    EXTERN        shift, and go to state 3
    STATIC        shift, and go to state 4
    AUTO          shift, and go to state 5
    REGISTER      shift, and go to state 6
    INLINE        shift, and go to state 7
    CONST         shift, and go to state 8
    RESTRICT      shift, and go to state 9
    VOLATILE      shift, and go to state 10
    CHAR          shift, and go to state 11
    SHORT         shift, and go to state 12
    LONG          shift, and go to state 13
    SIGNED        shift, and go to state 14
    UNSIGNED      shift, and go to state 15
    VOID          shift, and go to state 16
    COMPLEX       shift, and go to state 17
    IMAGINARY     shift, and go to state 18
    STRUCT        shift, and go to state 19
    UNION         shift, and go to state 20
    ENUM          shift, and go to state 21
    ALIGNAS       shift, and go to state 22
    ATOMIC        shift, and go to state 23
    NORETURN      shift, and go to state 24
    THREAD_LOCAL  shift, and go to state 26
    INT           shift, and go to state 27
    FLOAT         shift, and go to state 28
    DOUBLE        shift, and go to state 29
    BOOL          shift, and go to state 30

    $default  reduce using rule 94 (declaration_specifiers)

    declaration_specifiers     go to state 60
    storage_class_specifier    go to state 33
    type_specifier             go to state 34
    struct_or_union_specifier  go to state 35
    struct_or_union            go to state 36
    enum_specifier             go to state 37
    atomic_type_specifier      go to state 38
    type_qualifier             go to state 39
    function_specifier         go to state 40
    alignment_specifier        go to state 41


State 34

   95 declaration_specifiers: type_specifier • declaration_specifiers
   96                       | type_specifier •

    TYPEDEF_NAME  shift, and go to state 1
    TYPEDEF       shift, and go to state 2
    EXTERN        shift, and go to state 3
    STATIC        shift, and go to state 4
    AUTO          shift, and go to state 5
    REGISTER      shift, and go to state 6
    INLINE        shift, and go to state 7
    CONST         shift, and go to state 8
    RESTRICT      shift, and go to state 9
    VOLATILE      shift, and go to state 10
    CHAR          shift, and go to state 11
    SHORT         shift, and go to state 12
    LONG          shift, and go to state 13
    SIGNED        shift, and go to state 14
    UNSIGNED      shift, and go to state 15
    VOID          shift, and go to state 16
    COMPLEX       shift, and go to state 17
    IMAGINARY     shift, and go to state 18
    STRUCT        shift, and go to state 19
    UNION         shift, and go to state 20
    ENUM          shift, and go to state 21
    ALIGNAS       shift, and go to state 22
    ATOMIC        shift, and go to state 23
    NORETURN      shift, and go to state 24
    THREAD_LOCAL  shift, and go to state 26
    INT           shift, and go to state 27
    FLOAT         shift, and go to state 28
    DOUBLE        shift, and go to state 29
    BOOL          shift, and go to state 30

    $default  reduce using rule 96 (declaration_specifiers)

    declaration_specifiers     go to state 61
    storage_class_specifier    go to state 33
    type_specifier             go to state 34
    struct_or_union_specifier  go to state 35
    struct_or_union            go to state 36
    enum_specifier             go to state 37
    atomic_type_specifier      go to state 38
    type_qualifier             go to state 39
    function_specifier         go to state 40
    alignment_specifier        go to state 41


State 35

  126 type_specifier: struct_or_union_specifier •

    $default  reduce using rule 126 (type_specifier)


State 36

  129 struct_or_union_specifier: struct_or_union • '{' struct_declaration_list '}'
  130                          | struct_or_union • IDENTIFIER '{' struct_declaration_list '}'
  131                          | struct_or_union • IDENTIFIER

    IDENTIFIER  shift, and go to state 62
    '{'         shift, and go to state 63


State 37

  127 type_specifier: enum_specifier •

    $default  reduce using rule 127 (type_specifier)


State 38

  125 type_specifier: atomic_type_specifier •

    $default  reduce using rule 125 (type_specifier)


State 39

   97 declaration_specifiers: type_qualifier • declaration_specifiers
   98                       | type_qualifier •

    TYPEDEF_NAME  shift, and go to state 1
    TYPEDEF       shift, and go to state 2
    EXTERN        shift, and go to state 3
    STATIC        shift, and go to state 4
    AUTO          shift, and go to state 5
    REGISTER      shift, and go to state 6
    INLINE        shift, and go to state 7
    CONST         shift, and go to state 8
    RESTRICT      shift, and go to state 9
    VOLATILE      shift, and go to state 10
    CHAR          shift, and go to state 11
    SHORT         shift, and go to state 12
    LONG          shift, and go to state 13
    SIGNED        shift, and go to state 14
    UNSIGNED      shift, and go to state 15
    VOID          shift, and go to state 16
    COMPLEX       shift, and go to state 17
    IMAGINARY     shift, and go to state 18
    STRUCT        shift, and go to state 19
    UNION         shift, and go to state 20
    ENUM          shift, and go to state 21
    ALIGNAS       shift, and go to state 22
    ATOMIC        shift, and go to state 23
    NORETURN      shift, and go to state 24
    THREAD_LOCAL  shift, and go to state 26
    INT           shift, and go to state 27
    FLOAT         shift, and go to state 28
    DOUBLE        shift, and go to state 29
    BOOL          shift, and go to state 30

    $default  reduce using rule 98 (declaration_specifiers)

    declaration_specifiers     go to state 64
    storage_class_specifier    go to state 33
    type_specifier             go to state 34
    struct_or_union_specifier  go to state 35
    struct_or_union            go to state 36
    enum_specifier             go to state 37
    atomic_type_specifier      go to state 38
    type_qualifier             go to state 39
    function_specifier         go to state 40
    alignment_specifier        go to state 41


State 40

   99 declaration_specifiers: function_specifier • declaration_specifiers
  100                       | function_specifier •

    TYPEDEF_NAME  shift, and go to state 1
    TYPEDEF       shift, and go to state 2
    EXTERN        shift, and go to state 3
    STATIC        shift, and go to state 4
    AUTO          shift, and go to state 5
    REGISTER      shift, and go to state 6
    INLINE        shift, and go to state 7
    CONST         shift, and go to state 8
    RESTRICT      shift, and go to state 9
    VOLATILE      shift, and go to state 10
    CHAR          shift, and go to state 11
    SHORT         shift, and go to state 12
    LONG          shift, and go to state 13
    SIGNED        shift, and go to state 14
    UNSIGNED      shift, and go to state 15
    VOID          shift, and go to state 16
    COMPLEX       shift, and go to state 17
    IMAGINARY     shift, and go to state 18
    STRUCT        shift, and go to state 19
    UNION         shift, and go to state 20
    ENUM          shift, and go to state 21
    ALIGNAS       shift, and go to state 22
    ATOMIC        shift, and go to state 23
    NORETURN      shift, and go to state 24
    THREAD_LOCAL  shift, and go to state 26
    INT           shift, and go to state 27
    FLOAT         shift, and go to state 28
    DOUBLE        shift, and go to state 29
    BOOL          shift, and go to state 30

    $default  reduce using rule 100 (declaration_specifiers)

    declaration_specifiers     go to state 65
    storage_class_specifier    go to state 33
    type_specifier             go to state 34
    struct_or_union_specifier  go to state 35
    struct_or_union            go to state 36
    enum_specifier             go to state 37
    atomic_type_specifier      go to state 38
    type_qualifier             go to state 39
    function_specifier         go to state 40
    alignment_specifier        go to state 41


State 41

  101 declaration_specifiers: alignment_specifier • declaration_specifiers
  102                       | alignment_specifier •

    TYPEDEF_NAME  shift, and go to state 1
    TYPEDEF       shift, and go to state 2
    EXTERN        shift, and go to state 3
    STATIC        shift, and go to state 4
    AUTO          shift, and go to state 5
    REGISTER      shift, and go to state 6
    INLINE        shift, and go to state 7
    CONST         shift, and go to state 8
    RESTRICT      shift, and go to state 9
    VOLATILE      shift, and go to state 10
    CHAR          shift, and go to state 11
    SHORT         shift, and go to state 12
    LONG          shift, and go to state 13
    SIGNED        shift, and go to state 14
    UNSIGNED      shift, and go to state 15
    VOID          shift, and go to state 16
    COMPLEX       shift, and go to state 17
    IMAGINARY     shift, and go to state 18
    STRUCT        shift, and go to state 19
    UNION         shift, and go to state 20
    ENUM          shift, and go to state 21
    ALIGNAS       shift, and go to state 22
    ATOMIC        shift, and go to state 23
    NORETURN      shift, and go to state 24
    THREAD_LOCAL  shift, and go to state 26
    INT           shift, and go to state 27
    FLOAT         shift, and go to state 28
    DOUBLE        shift, and go to state 29
    BOOL          shift, and go to state 30

    $default  reduce using rule 102 (declaration_specifiers)

    declaration_specifiers     go to state 66
    storage_class_specifier    go to state 33
    type_specifier             go to state 34
    struct_or_union_specifier  go to state 35
    struct_or_union            go to state 36
    enum_specifier             go to state 37
    atomic_type_specifier      go to state 38
    type_qualifier             go to state 39
    function_specifier         go to state 40
    alignment_specifier        go to state 41


State 42

   92 declaration: static_assert_declaration •

    $default  reduce using rule 92 (declaration)


State 43

    0 $accept: translation_unit • $end
  268 translation_unit: translation_unit • external_declaration

    $end           shift, and go to state 67
    TYPEDEF_NAME   shift, and go to state 1
    TYPEDEF        shift, and go to state 2
    EXTERN         shift, and go to state 3
    STATIC         shift, and go to state 4
    AUTO           shift, and go to state 5
    REGISTER       shift, and go to state 6
    INLINE         shift, and go to state 7
    CONST          shift, and go to state 8
    RESTRICT       shift, and go to state 9
    VOLATILE       shift, and go to state 10
    CHAR           shift, and go to state 11
    SHORT          shift, and go to state 12
    LONG           shift, and go to state 13
    SIGNED         shift, and go to state 14
    UNSIGNED       shift, and go to state 15
    VOID           shift, and go to state 16
    COMPLEX        shift, and go to state 17
    IMAGINARY      shift, and go to state 18
    STRUCT         shift, and go to state 19
    UNION          shift, and go to state 20
    ENUM           shift, and go to state 21
    ALIGNAS        shift, and go to state 22
    ATOMIC         shift, and go to state 23
    NORETURN       shift, and go to state 24
    STATIC_ASSERT  shift, and go to state 25
    THREAD_LOCAL   shift, and go to state 26
    INT            shift, and go to state 27
    FLOAT          shift, and go to state 28
    DOUBLE         shift, and go to state 29
    BOOL           shift, and go to state 30

    declaration                go to state 31
    declaration_specifiers     go to state 32
    storage_class_specifier    go to state 33
    type_specifier             go to state 34
    struct_or_union_specifier  go to state 35
    struct_or_union            go to state 36
    enum_specifier             go to state 37
    atomic_type_specifier      go to state 38
    type_qualifier             go to state 39
    function_specifier         go to state 40
    alignment_specifier        go to state 41
    static_assert_declaration  go to state 42
    external_declaration       go to state 68
    function_definition        go to state 45


State 44

  267 translation_unit: external_declaration •

    $default  reduce using rule 267 (translation_unit)


State 45

  269 external_declaration: function_definition •

    $default  reduce using rule 269 (external_declaration)


State 46

  150 enum_specifier: ENUM IDENTIFIER • '{' enumerator_list '}'
  151               | ENUM IDENTIFIER • '{' enumerator_list ',' '}'
  152               | ENUM IDENTIFIER •

    '{'  shift, and go to state 69

    $default  reduce using rule 152 (enum_specifier)


State 47

  148 enum_specifier: ENUM '{' • enumerator_list '}'
  149               | ENUM '{' • enumerator_list ',' '}'

    IDENTIFIER  shift, and go to state 70

    enumeration_constant  go to state 71
    enumerator_list       go to state 72
    enumerator            go to state 73


State 48

  164 alignment_specifier: ALIGNAS '(' • type_name ')'
  165                    | ALIGNAS '(' • constant_expression ')'

    SIZEOF                shift, and go to state 74
    INC_OP                shift, and go to state 75
    DEC_OP                shift, and go to state 76
    TYPEDEF_NAME          shift, and go to state 1
    CONST                 shift, and go to state 8
    RESTRICT              shift, and go to state 9
    VOLATILE              shift, and go to state 10
    CHAR                  shift, and go to state 11
    SHORT                 shift, and go to state 12
    LONG                  shift, and go to state 13
    SIGNED                shift, and go to state 14
    UNSIGNED              shift, and go to state 15
    VOID                  shift, and go to state 16
    COMPLEX               shift, and go to state 17
    IMAGINARY             shift, and go to state 18
    STRUCT                shift, and go to state 19
    UNION                 shift, and go to state 20
    ENUM                  shift, and go to state 21
    ALIGNOF               shift, and go to state 77
    ATOMIC                shift, and go to state 23
    INT                   shift, and go to state 27
    FLOAT                 shift, and go to state 28
    IDENTIFIER            shift, and go to state 78
    STRING_LITERAL        shift, and go to state 79
    ENUMERATION_CONSTANT  shift, and go to state 80
    FUNC_NAME             shift, and go to state 81
    GENERIC               shift, and go to state 82
    I_CONSTANT            shift, and go to state 83
    F_CONSTANT            shift, and go to state 84
    DOUBLE                shift, and go to state 29
    BOOL                  shift, and go to state 30
    '('                   shift, and go to state 85
    '&'                   shift, and go to state 86
    '*'                   shift, and go to state 87
    '+'                   shift, and go to state 88
    '-'                   shift, and go to state 89
    '~'                   shift, and go to state 90
    '!'                   shift, and go to state 91

    primary_expression         go to state 92
    constant                   go to state 93
    string                     go to state 94
    generic_selection          go to state 95
    postfix_expression         go to state 96
    unary_expression           go to state 97
    unary_operator             go to state 98
    cast_expression            go to state 99
    multiplicative_expression  go to state 100
    additive_expression        go to state 101
    shift_expression           go to state 102
    relational_expression      go to state 103
    equality_expression        go to state 104
    and_expression             go to state 105
    exclusive_or_expression    go to state 106
    inclusive_or_expression    go to state 107
    logical_and_expression     go to state 108
    logical_or_expression      go to state 109
    conditional_expression     go to state 110
    constant_expression        go to state 111
    type_specifier             go to state 112
    struct_or_union_specifier  go to state 35
    struct_or_union            go to state 36
    specifier_qualifier_list   go to state 113
    enum_specifier             go to state 37
    atomic_type_specifier      go to state 38
    type_qualifier             go to state 114
    type_name                  go to state 115


State 49

  157 atomic_type_specifier: ATOMIC '(' • type_name ')'

    TYPEDEF_NAME  shift, and go to state 1
    CONST         shift, and go to state 8
    RESTRICT      shift, and go to state 9
    VOLATILE      shift, and go to state 10
    CHAR          shift, and go to state 11
    SHORT         shift, and go to state 12
    LONG          shift, and go to state 13
    SIGNED        shift, and go to state 14
    UNSIGNED      shift, and go to state 15
    VOID          shift, and go to state 16
    COMPLEX       shift, and go to state 17
    IMAGINARY     shift, and go to state 18
    STRUCT        shift, and go to state 19
    UNION         shift, and go to state 20
    ENUM          shift, and go to state 21
    ATOMIC        shift, and go to state 23
    INT           shift, and go to state 27
    FLOAT         shift, and go to state 28
    DOUBLE        shift, and go to state 29
    BOOL          shift, and go to state 30

    type_specifier             go to state 112
    struct_or_union_specifier  go to state 35
    struct_or_union            go to state 36
    specifier_qualifier_list   go to state 113
    enum_specifier             go to state 37
    atomic_type_specifier      go to state 38
    type_qualifier             go to state 114
    type_name                  go to state 116


State 50

  227 static_assert_declaration: STATIC_ASSERT '(' • constant_expression ',' STRING_LITERAL ')' ';'

    SIZEOF                shift, and go to state 74
    INC_OP                shift, and go to state 75
    DEC_OP                shift, and go to state 76
    ALIGNOF               shift, and go to state 77
    IDENTIFIER            shift, and go to state 78
    STRING_LITERAL        shift, and go to state 79
    ENUMERATION_CONSTANT  shift, and go to state 80
    FUNC_NAME             shift, and go to state 81
    GENERIC               shift, and go to state 82
    I_CONSTANT            shift, and go to state 83
    F_CONSTANT            shift, and go to state 84
    '('                   shift, and go to state 85
    '&'                   shift, and go to state 86
    '*'                   shift, and go to state 87
    '+'                   shift, and go to state 88
    '-'                   shift, and go to state 89
    '~'                   shift, and go to state 90
    '!'                   shift, and go to state 91

    primary_expression         go to state 92
    constant                   go to state 93
    string                     go to state 94
    generic_selection          go to state 95
    postfix_expression         go to state 96
    unary_expression           go to state 97
    unary_operator             go to state 98
    cast_expression            go to state 99
    multiplicative_expression  go to state 100
    additive_expression        go to state 101
    shift_expression           go to state 102
    relational_expression      go to state 103
    equality_expression        go to state 104
    and_expression             go to state 105
    exclusive_or_expression    go to state 106
    inclusive_or_expression    go to state 107
    logical_and_expression     go to state 108
    logical_or_expression      go to state 109
    conditional_expression     go to state 110
    constant_expression        go to state 117


State 51

  168 direct_declarator: IDENTIFIER •

    $default  reduce using rule 168 (direct_declarator)


State 52

  169 direct_declarator: '(' • declarator ')'

    IDENTIFIER  shift, and go to state 51
    '('         shift, and go to state 52
    '*'         shift, and go to state 53

    declarator         go to state 118
    direct_declarator  go to state 58
    pointer            go to state 59


State 53

  182 pointer: '*' • type_qualifier_list pointer
  183        | '*' • type_qualifier_list
  184        | '*' • pointer
  185        | '*' •

    CONST     shift, and go to state 8
    RESTRICT  shift, and go to state 9
    VOLATILE  shift, and go to state 10
    ATOMIC    shift, and go to state 119
    '*'       shift, and go to state 53

    $default  reduce using rule 185 (pointer)

    type_qualifier       go to state 120
    pointer              go to state 121
    type_qualifier_list  go to state 122


State 54

   90 declaration: declaration_specifiers ';' •

    $default  reduce using rule 90 (declaration)


State 55

   91 declaration: declaration_specifiers init_declarator_list • ';'
  104 init_declarator_list: init_declarator_list • ',' init_declarator

    ','  shift, and go to state 123
    ';'  shift, and go to state 124


State 56

  103 init_declarator_list: init_declarator •

    $default  reduce using rule 103 (init_declarator_list)


State 57

  105 init_declarator: declarator • '=' initializer
  106                | declarator •
  271 function_definition: declaration_specifiers declarator • declaration_list compound_statement
  272                    | declaration_specifiers declarator • compound_statement

    TYPEDEF_NAME   shift, and go to state 1
    TYPEDEF        shift, and go to state 2
    EXTERN         shift, and go to state 3
    STATIC         shift, and go to state 4
    AUTO           shift, and go to state 5
    REGISTER       shift, and go to state 6
    INLINE         shift, and go to state 7
    CONST          shift, and go to state 8
    RESTRICT       shift, and go to state 9
    VOLATILE       shift, and go to state 10
    CHAR           shift, and go to state 11
    SHORT          shift, and go to state 12
    LONG           shift, and go to state 13
    SIGNED         shift, and go to state 14
    UNSIGNED       shift, and go to state 15
    VOID           shift, and go to state 16
    COMPLEX        shift, and go to state 17
    IMAGINARY      shift, and go to state 18
    STRUCT         shift, and go to state 19
    UNION          shift, and go to state 20
    ENUM           shift, and go to state 21
    ALIGNAS        shift, and go to state 22
    ATOMIC         shift, and go to state 23
    NORETURN       shift, and go to state 24
    STATIC_ASSERT  shift, and go to state 25
    THREAD_LOCAL   shift, and go to state 26
    INT            shift, and go to state 27
    FLOAT          shift, and go to state 28
    DOUBLE         shift, and go to state 29
    BOOL           shift, and go to state 30
    '{'            shift, and go to state 125
    '='            shift, and go to state 126

    $default  reduce using rule 106 (init_declarator)

    declaration                go to state 127
    declaration_specifiers     go to state 128
    storage_class_specifier    go to state 33
    type_specifier             go to state 34
    struct_or_union_specifier  go to state 35
    struct_or_union            go to state 36
    enum_specifier             go to state 37
    atomic_type_specifier      go to state 38
    type_qualifier             go to state 39
    function_specifier         go to state 40
    alignment_specifier        go to state 41
    static_assert_declaration  go to state 42
    compound_statement         go to state 129
    declaration_list           go to state 130


State 58

  167 declarator: direct_declarator •
  170 direct_declarator: direct_declarator • '[' ']'
  171                  | direct_declarator • '[' '*' ']'
  172                  | direct_declarator • '[' STATIC type_qualifier_list assignment_expression ']'
  173                  | direct_declarator • '[' STATIC assignment_expression ']'
  174                  | direct_declarator • '[' type_qualifier_list '*' ']'
  175                  | direct_declarator • '[' type_qualifier_list STATIC assignment_expression ']'
  176                  | direct_declarator • '[' type_qualifier_list assignment_expression ']'
  177                  | direct_declarator • '[' type_qualifier_list ']'
  178                  | direct_declarator • '[' assignment_expression ']'
  179                  | direct_declarator • '(' parameter_type_list ')'
  180                  | direct_declarator • '(' ')'
  181                  | direct_declarator • '(' identifier_list ')'

    '('  shift, and go to state 131
    '['  shift, and go to state 132

    $default  reduce using rule 167 (declarator)


State 59

  166 declarator: pointer • direct_declarator

    IDENTIFIER  shift, and go to state 51
    '('         shift, and go to state 52

    direct_declarator  go to state 133


State 60

   93 declaration_specifiers: storage_class_specifier declaration_specifiers •

    $default  reduce using rule 93 (declaration_specifiers)


State 61

   95 declaration_specifiers: type_specifier declaration_specifiers •

    $default  reduce using rule 95 (declaration_specifiers)


State 62

  130 struct_or_union_specifier: struct_or_union IDENTIFIER • '{' struct_declaration_list '}'
  131                          | struct_or_union IDENTIFIER •

    '{'  shift, and go to state 134

    $default  reduce using rule 131 (struct_or_union_specifier)


State 63

  129 struct_or_union_specifier: struct_or_union '{' • struct_declaration_list '}'

    TYPEDEF_NAME   shift, and go to state 1
    CONST          shift, and go to state 8
    RESTRICT       shift, and go to state 9
    VOLATILE       shift, and go to state 10
    CHAR           shift, and go to state 11
    SHORT          shift, and go to state 12
    LONG           shift, and go to state 13
    SIGNED         shift, and go to state 14
    UNSIGNED       shift, and go to state 15
    VOID           shift, and go to state 16
    COMPLEX        shift, and go to state 17
    IMAGINARY      shift, and go to state 18
    STRUCT         shift, and go to state 19
    UNION          shift, and go to state 20
    ENUM           shift, and go to state 21
    ATOMIC         shift, and go to state 23
    STATIC_ASSERT  shift, and go to state 25
    INT            shift, and go to state 27
    FLOAT          shift, and go to state 28
    DOUBLE         shift, and go to state 29
    BOOL           shift, and go to state 30

    type_specifier             go to state 112
    struct_or_union_specifier  go to state 35
    struct_or_union            go to state 36
    struct_declaration_list    go to state 135
    struct_declaration         go to state 136
    specifier_qualifier_list   go to state 137
    enum_specifier             go to state 37
    atomic_type_specifier      go to state 38
    type_qualifier             go to state 114
    static_assert_declaration  go to state 138


State 64

   97 declaration_specifiers: type_qualifier declaration_specifiers •

    $default  reduce using rule 97 (declaration_specifiers)


State 65

   99 declaration_specifiers: function_specifier declaration_specifiers •

    $default  reduce using rule 99 (declaration_specifiers)


State 66

  101 declaration_specifiers: alignment_specifier declaration_specifiers •

    $default  reduce using rule 101 (declaration_specifiers)


State 67

    0 $accept: translation_unit $end •

    $default  accept


State 68

  268 translation_unit: translation_unit external_declaration •

    $default  reduce using rule 268 (translation_unit)


State 69

  150 enum_specifier: ENUM IDENTIFIER '{' • enumerator_list '}'
  151               | ENUM IDENTIFIER '{' • enumerator_list ',' '}'

    IDENTIFIER  shift, and go to state 70

    enumeration_constant  go to state 71
    enumerator_list       go to state 139
    enumerator            go to state 73


State 70

    9 enumeration_constant: IDENTIFIER •

    $default  reduce using rule 9 (enumeration_constant)


State 71

  155 enumerator: enumeration_constant • '=' constant_expression
  156           | enumeration_constant •

    '='  shift, and go to state 140

    $default  reduce using rule 156 (enumerator)


State 72

  148 enum_specifier: ENUM '{' enumerator_list • '}'
  149               | ENUM '{' enumerator_list • ',' '}'
  154 enumerator_list: enumerator_list • ',' enumerator

    ','  shift, and go to state 141
    '}'  shift, and go to state 142


State 73

  153 enumerator_list: enumerator •

    $default  reduce using rule 153 (enumerator_list)


State 74

   33 unary_expression: SIZEOF • unary_expression
   34                 | SIZEOF • '(' type_name ')'

    SIZEOF                shift, and go to state 74
    INC_OP                shift, and go to state 75
    DEC_OP                shift, and go to state 76
    ALIGNOF               shift, and go to state 77
    IDENTIFIER            shift, and go to state 78
    STRING_LITERAL        shift, and go to state 79
    ENUMERATION_CONSTANT  shift, and go to state 80
    FUNC_NAME             shift, and go to state 81
    GENERIC               shift, and go to state 82
    I_CONSTANT            shift, and go to state 83
    F_CONSTANT            shift, and go to state 84
    '('                   shift, and go to state 143
    '&'                   shift, and go to state 86
    '*'                   shift, and go to state 87
    '+'                   shift, and go to state 88
    '-'                   shift, and go to state 89
    '~'                   shift, and go to state 90
    '!'                   shift, and go to state 91

    primary_expression  go to state 92
    constant            go to state 93
    string              go to state 94
    generic_selection   go to state 95
    postfix_expression  go to state 96
    unary_expression    go to state 144
    unary_operator      go to state 98


State 75

   30 unary_expression: INC_OP • unary_expression

    SIZEOF                shift, and go to state 74
    INC_OP                shift, and go to state 75
    DEC_OP                shift, and go to state 76
    ALIGNOF               shift, and go to state 77
    IDENTIFIER            shift, and go to state 78
    STRING_LITERAL        shift, and go to state 79
    ENUMERATION_CONSTANT  shift, and go to state 80
    FUNC_NAME             shift, and go to state 81
    GENERIC               shift, and go to state 82
    I_CONSTANT            shift, and go to state 83
    F_CONSTANT            shift, and go to state 84
    '('                   shift, and go to state 145
    '&'                   shift, and go to state 86
    '*'                   shift, and go to state 87
    '+'                   shift, and go to state 88
    '-'                   shift, and go to state 89
    '~'                   shift, and go to state 90
    '!'                   shift, and go to state 91

    primary_expression  go to state 92
    constant            go to state 93
    string              go to state 94
    generic_selection   go to state 95
    postfix_expression  go to state 96
    unary_expression    go to state 146
    unary_operator      go to state 98


State 76

   31 unary_expression: DEC_OP • unary_expression

    SIZEOF                shift, and go to state 74
    INC_OP                shift, and go to state 75
    DEC_OP                shift, and go to state 76
    ALIGNOF               shift, and go to state 77
    IDENTIFIER            shift, and go to state 78
    STRING_LITERAL        shift, and go to state 79
    ENUMERATION_CONSTANT  shift, and go to state 80
    FUNC_NAME             shift, and go to state 81
    GENERIC               shift, and go to state 82
    I_CONSTANT            shift, and go to state 83
    F_CONSTANT            shift, and go to state 84
    '('                   shift, and go to state 145
    '&'                   shift, and go to state 86
    '*'                   shift, and go to state 87
    '+'                   shift, and go to state 88
    '-'                   shift, and go to state 89
    '~'                   shift, and go to state 90
    '!'                   shift, and go to state 91

    primary_expression  go to state 92
    constant            go to state 93
    string              go to state 94
    generic_selection   go to state 95
    postfix_expression  go to state 96
    unary_expression    go to state 147
    unary_operator      go to state 98


State 77

   35 unary_expression: ALIGNOF • '(' type_name ')'

    '('  shift, and go to state 148


State 78

    1 primary_expression: IDENTIFIER •

    $default  reduce using rule 1 (primary_expression)


State 79

   10 string: STRING_LITERAL •

    $default  reduce using rule 10 (string)


State 80

    8 constant: ENUMERATION_CONSTANT •

    $default  reduce using rule 8 (constant)


State 81

   11 string: FUNC_NAME •

    $default  reduce using rule 11 (string)


State 82

   12 generic_selection: GENERIC • '(' assignment_expression ',' generic_assoc_list ')'

    '('  shift, and go to state 149


State 83

    6 constant: I_CONSTANT •

    $default  reduce using rule 6 (constant)


State 84

    7 constant: F_CONSTANT •

    $default  reduce using rule 7 (constant)


State 85

    4 primary_expression: '(' • expression ')'
   25 postfix_expression: '(' • type_name ')' '{' initializer_list '}'
   26                   | '(' • type_name ')' '{' initializer_list ',' '}'
   43 cast_expression: '(' • type_name ')' cast_expression

    SIZEOF                shift, and go to state 74
    INC_OP                shift, and go to state 75
    DEC_OP                shift, and go to state 76
    TYPEDEF_NAME          shift, and go to state 1
    CONST                 shift, and go to state 8
    RESTRICT              shift, and go to state 9
    VOLATILE              shift, and go to state 10
    CHAR                  shift, and go to state 11
    SHORT                 shift, and go to state 12
    LONG                  shift, and go to state 13
    SIGNED                shift, and go to state 14
    UNSIGNED              shift, and go to state 15
    VOID                  shift, and go to state 16
    COMPLEX               shift, and go to state 17
    IMAGINARY             shift, and go to state 18
    STRUCT                shift, and go to state 19
    UNION                 shift, and go to state 20
    ENUM                  shift, and go to state 21
    ALIGNOF               shift, and go to state 77
    ATOMIC                shift, and go to state 23
    INT                   shift, and go to state 27
    FLOAT                 shift, and go to state 28
    IDENTIFIER            shift, and go to state 78
    STRING_LITERAL        shift, and go to state 79
    ENUMERATION_CONSTANT  shift, and go to state 80
    FUNC_NAME             shift, and go to state 81
    GENERIC               shift, and go to state 82
    I_CONSTANT            shift, and go to state 83
    F_CONSTANT            shift, and go to state 84
    DOUBLE                shift, and go to state 29
    BOOL                  shift, and go to state 30
    '('                   shift, and go to state 85
    '&'                   shift, and go to state 86
    '*'                   shift, and go to state 87
    '+'                   shift, and go to state 88
    '-'                   shift, and go to state 89
    '~'                   shift, and go to state 90
    '!'                   shift, and go to state 91

    primary_expression         go to state 92
    constant                   go to state 93
    string                     go to state 94
    generic_selection          go to state 95
    postfix_expression         go to state 96
    unary_expression           go to state 150
    unary_operator             go to state 98
    cast_expression            go to state 99
    multiplicative_expression  go to state 100
    additive_expression        go to state 101
    shift_expression           go to state 102
    relational_expression      go to state 103
    equality_expression        go to state 104
    and_expression             go to state 105
    exclusive_or_expression    go to state 106
    inclusive_or_expression    go to state 107
    logical_and_expression     go to state 108
    logical_or_expression      go to state 109
    conditional_expression     go to state 151
    assignment_expression      go to state 152
    expression                 go to state 153
    type_specifier             go to state 112
    struct_or_union_specifier  go to state 35
    struct_or_union            go to state 36
    specifier_qualifier_list   go to state 113
    enum_specifier             go to state 37
    atomic_type_specifier      go to state 38
    type_qualifier             go to state 114
    type_name                  go to state 154


State 86

   36 unary_operator: '&' •

    $default  reduce using rule 36 (unary_operator)


State 87

   37 unary_operator: '*' •

    $default  reduce using rule 37 (unary_operator)


State 88

   38 unary_operator: '+' •

    $default  reduce using rule 38 (unary_operator)


State 89

   39 unary_operator: '-' •

    $default  reduce using rule 39 (unary_operator)


State 90

   40 unary_operator: '~' •

    $default  reduce using rule 40 (unary_operator)


State 91

   41 unary_operator: '!' •

    $default  reduce using rule 41 (unary_operator)


State 92

   17 postfix_expression: primary_expression •

    $default  reduce using rule 17 (postfix_expression)


State 93

    2 primary_expression: constant •

    $default  reduce using rule 2 (primary_expression)


State 94

    3 primary_expression: string •

    $default  reduce using rule 3 (primary_expression)


State 95

    5 primary_expression: generic_selection •

    $default  reduce using rule 5 (primary_expression)


State 96

   18 postfix_expression: postfix_expression • '[' expression ']'
   19                   | postfix_expression • '(' ')'
   20                   | postfix_expression • '(' argument_expression_list ')'
   21                   | postfix_expression • '.' IDENTIFIER
   22                   | postfix_expression • PTR_OP IDENTIFIER
   23                   | postfix_expression • INC_OP
   24                   | postfix_expression • DEC_OP
   29 unary_expression: postfix_expression •

    PTR_OP  shift, and go to state 155
    INC_OP  shift, and go to state 156
    DEC_OP  shift, and go to state 157
    '('     shift, and go to state 158
    '['     shift, and go to state 159
    '.'     shift, and go to state 160

    $default  reduce using rule 29 (unary_expression)


State 97

   42 cast_expression: unary_expression •

    $default  reduce using rule 42 (cast_expression)


State 98

   32 unary_expression: unary_operator • cast_expression

    SIZEOF                shift, and go to state 74
    INC_OP                shift, and go to state 75
    DEC_OP                shift, and go to state 76
    ALIGNOF               shift, and go to state 77
    IDENTIFIER            shift, and go to state 78
    STRING_LITERAL        shift, and go to state 79
    ENUMERATION_CONSTANT  shift, and go to state 80
    FUNC_NAME             shift, and go to state 81
    GENERIC               shift, and go to state 82
    I_CONSTANT            shift, and go to state 83
    F_CONSTANT            shift, and go to state 84
    '('                   shift, and go to state 85
    '&'                   shift, and go to state 86
    '*'                   shift, and go to state 87
    '+'                   shift, and go to state 88
    '-'                   shift, and go to state 89
    '~'                   shift, and go to state 90
    '!'                   shift, and go to state 91

    primary_expression  go to state 92
    constant            go to state 93
    string              go to state 94
    generic_selection   go to state 95
    postfix_expression  go to state 96
    unary_expression    go to state 97
    unary_operator      go to state 98
    cast_expression     go to state 161


State 99

   44 multiplicative_expression: cast_expression •

    $default  reduce using rule 44 (multiplicative_expression)


State 100

   45 multiplicative_expression: multiplicative_expression • '*' cast_expression
   46                          | multiplicative_expression • '/' cast_expression
   47                          | multiplicative_expression • '%' cast_expression
   48 additive_expression: multiplicative_expression •

    '*'  shift, and go to state 162
    '/'  shift, and go to state 163
    '%'  shift, and go to state 164

    $default  reduce using rule 48 (additive_expression)


State 101

   49 additive_expression: additive_expression • '+' multiplicative_expression
   50                    | additive_expression • '-' multiplicative_expression
   51 shift_expression: additive_expression •

    '+'  shift, and go to state 165
    '-'  shift, and go to state 166

    $default  reduce using rule 51 (shift_expression)


State 102

   52 shift_expression: shift_expression • LEFT_OP additive_expression
   53                 | shift_expression • RIGHT_OP additive_expression
   54 relational_expression: shift_expression •

    LEFT_OP   shift, and go to state 167
    RIGHT_OP  shift, and go to state 168

    $default  reduce using rule 54 (relational_expression)


State 103

   55 relational_expression: relational_expression • '<' shift_expression
   56                      | relational_expression • '>' shift_expression
   57                      | relational_expression • LE_OP shift_expression
   58                      | relational_expression • GE_OP shift_expression
   59 equality_expression: relational_expression •

    LE_OP  shift, and go to state 169
    GE_OP  shift, and go to state 170
    '<'    shift, and go to state 171
    '>'    shift, and go to state 172

    $default  reduce using rule 59 (equality_expression)


State 104

   60 equality_expression: equality_expression • EQ_OP relational_expression
   61                    | equality_expression • NE_OP relational_expression
   62 and_expression: equality_expression •

    EQ_OP  shift, and go to state 173
    NE_OP  shift, and go to state 174

    $default  reduce using rule 62 (and_expression)


State 105

   63 and_expression: and_expression • '&' equality_expression
   64 exclusive_or_expression: and_expression •

    '&'  shift, and go to state 175

    $default  reduce using rule 64 (exclusive_or_expression)


State 106

   65 exclusive_or_expression: exclusive_or_expression • '^' and_expression
   66 inclusive_or_expression: exclusive_or_expression •

    '^'  shift, and go to state 176

    $default  reduce using rule 66 (inclusive_or_expression)


State 107

   67 inclusive_or_expression: inclusive_or_expression • '|' exclusive_or_expression
   68 logical_and_expression: inclusive_or_expression •

    '|'  shift, and go to state 177

    $default  reduce using rule 68 (logical_and_expression)


State 108

   69 logical_and_expression: logical_and_expression • AND_OP inclusive_or_expression
   70 logical_or_expression: logical_and_expression •

    AND_OP  shift, and go to state 178

    $default  reduce using rule 70 (logical_or_expression)


State 109

   71 logical_or_expression: logical_or_expression • OR_OP logical_and_expression
   72 conditional_expression: logical_or_expression •
   73                       | logical_or_expression • '?' expression ':' conditional_expression

    OR_OP  shift, and go to state 179
    '?'    shift, and go to state 180

    $default  reduce using rule 72 (conditional_expression)


State 110

   89 constant_expression: conditional_expression •

    $default  reduce using rule 89 (constant_expression)


State 111

  165 alignment_specifier: ALIGNAS '(' constant_expression • ')'

    ')'  shift, and go to state 181


State 112

  139 specifier_qualifier_list: type_specifier • specifier_qualifier_list
  140                         | type_specifier •

    TYPEDEF_NAME  shift, and go to state 1
    CONST         shift, and go to state 8
    RESTRICT      shift, and go to state 9
    VOLATILE      shift, and go to state 10
    CHAR          shift, and go to state 11
    SHORT         shift, and go to state 12
    LONG          shift, and go to state 13
    SIGNED        shift, and go to state 14
    UNSIGNED      shift, and go to state 15
    VOID          shift, and go to state 16
    COMPLEX       shift, and go to state 17
    IMAGINARY     shift, and go to state 18
    STRUCT        shift, and go to state 19
    UNION         shift, and go to state 20
    ENUM          shift, and go to state 21
    ATOMIC        shift, and go to state 23
    INT           shift, and go to state 27
    FLOAT         shift, and go to state 28
    DOUBLE        shift, and go to state 29
    BOOL          shift, and go to state 30

    $default  reduce using rule 140 (specifier_qualifier_list)

    type_specifier             go to state 112
    struct_or_union_specifier  go to state 35
    struct_or_union            go to state 36
    specifier_qualifier_list   go to state 182
    enum_specifier             go to state 37
    atomic_type_specifier      go to state 38
    type_qualifier             go to state 114


State 113

  197 type_name: specifier_qualifier_list • abstract_declarator
  198          | specifier_qualifier_list •

    '('  shift, and go to state 183
    '['  shift, and go to state 184
    '*'  shift, and go to state 53

    $default  reduce using rule 198 (type_name)

    pointer                     go to state 185
    abstract_declarator         go to state 186
    direct_abstract_declarator  go to state 187


State 114

  141 specifier_qualifier_list: type_qualifier • specifier_qualifier_list
  142                         | type_qualifier •

    TYPEDEF_NAME  shift, and go to state 1
    CONST         shift, and go to state 8
    RESTRICT      shift, and go to state 9
    VOLATILE      shift, and go to state 10
    CHAR          shift, and go to state 11
    SHORT         shift, and go to state 12
    LONG          shift, and go to state 13
    SIGNED        shift, and go to state 14
    UNSIGNED      shift, and go to state 15
    VOID          shift, and go to state 16
    COMPLEX       shift, and go to state 17
    IMAGINARY     shift, and go to state 18
    STRUCT        shift, and go to state 19
    UNION         shift, and go to state 20
    ENUM          shift, and go to state 21
    ATOMIC        shift, and go to state 23
    INT           shift, and go to state 27
    FLOAT         shift, and go to state 28
    DOUBLE        shift, and go to state 29
    BOOL          shift, and go to state 30

    $default  reduce using rule 142 (specifier_qualifier_list)

    type_specifier             go to state 112
    struct_or_union_specifier  go to state 35
    struct_or_union            go to state 36
    specifier_qualifier_list   go to state 188
    enum_specifier             go to state 37
    atomic_type_specifier      go to state 38
    type_qualifier             go to state 114


State 115

  164 alignment_specifier: ALIGNAS '(' type_name • ')'

    ')'  shift, and go to state 189


State 116

  157 atomic_type_specifier: ATOMIC '(' type_name • ')'

    ')'  shift, and go to state 190


State 117

  227 static_assert_declaration: STATIC_ASSERT '(' constant_expression • ',' STRING_LITERAL ')' ';'

    ','  shift, and go to state 191


State 118

  169 direct_declarator: '(' declarator • ')'

    ')'  shift, and go to state 192


State 119

  161 type_qualifier: ATOMIC •

    $default  reduce using rule 161 (type_qualifier)


State 120

  186 type_qualifier_list: type_qualifier •

    $default  reduce using rule 186 (type_qualifier_list)


State 121

  184 pointer: '*' pointer •

    $default  reduce using rule 184 (pointer)


State 122

  182 pointer: '*' type_qualifier_list • pointer
  183        | '*' type_qualifier_list •
  187 type_qualifier_list: type_qualifier_list • type_qualifier

    CONST     shift, and go to state 8
    RESTRICT  shift, and go to state 9
    VOLATILE  shift, and go to state 10
    ATOMIC    shift, and go to state 119
    '*'       shift, and go to state 53

    $default  reduce using rule 183 (pointer)

    type_qualifier  go to state 193
    pointer         go to state 194


State 123

  104 init_declarator_list: init_declarator_list ',' • init_declarator

    IDENTIFIER  shift, and go to state 51
    '('         shift, and go to state 52
    '*'         shift, and go to state 53

    init_declarator    go to state 195
    declarator         go to state 196
    direct_declarator  go to state 58
    pointer            go to state 59


State 124

   91 declaration: declaration_specifiers init_declarator_list ';' •

    $default  reduce using rule 91 (declaration)


State 125

  237 compound_statement: '{' • '}'
  238                   | '{' • block_item_list '}'

    SIZEOF                shift, and go to state 74
    INC_OP                shift, and go to state 75
    DEC_OP                shift, and go to state 76
    TYPEDEF_NAME          shift, and go to state 1
    TYPEDEF               shift, and go to state 2
    EXTERN                shift, and go to state 3
    STATIC                shift, and go to state 4
    AUTO                  shift, and go to state 5
    REGISTER              shift, and go to state 6
    INLINE                shift, and go to state 7
    CONST                 shift, and go to state 8
    RESTRICT              shift, and go to state 9
    VOLATILE              shift, and go to state 10
    CHAR                  shift, and go to state 11
    SHORT                 shift, and go to state 12
    LONG                  shift, and go to state 13
    SIGNED                shift, and go to state 14
    UNSIGNED              shift, and go to state 15
    VOID                  shift, and go to state 16
    COMPLEX               shift, and go to state 17
    IMAGINARY             shift, and go to state 18
    STRUCT                shift, and go to state 19
    UNION                 shift, and go to state 20
    ENUM                  shift, and go to state 21
    CASE                  shift, and go to state 197
    DEFAULT               shift, and go to state 198
    IF                    shift, and go to state 199
    SWITCH                shift, and go to state 200
    WHILE                 shift, and go to state 201
    DO                    shift, and go to state 202
    FOR                   shift, and go to state 203
    GOTO                  shift, and go to state 204
    CONTINUE              shift, and go to state 205
    BREAK                 shift, and go to state 206
    RETURN                shift, and go to state 207
    ALIGNAS               shift, and go to state 22
    ALIGNOF               shift, and go to state 77
    ATOMIC                shift, and go to state 23
    NORETURN              shift, and go to state 24
    STATIC_ASSERT         shift, and go to state 25
    THREAD_LOCAL          shift, and go to state 26
    INT                   shift, and go to state 27
    FLOAT                 shift, and go to state 28
    IDENTIFIER            shift, and go to state 208
    STRING_LITERAL        shift, and go to state 79
    ENUMERATION_CONSTANT  shift, and go to state 80
    FUNC_NAME             shift, and go to state 81
    GENERIC               shift, and go to state 82
    I_CONSTANT            shift, and go to state 83
    F_CONSTANT            shift, and go to state 84
    DOUBLE                shift, and go to state 29
    BOOL                  shift, and go to state 30
    '('                   shift, and go to state 85
    '{'                   shift, and go to state 125
    '}'                   shift, and go to state 209
    '&'                   shift, and go to state 86
    '*'                   shift, and go to state 87
    '+'                   shift, and go to state 88
    '-'                   shift, and go to state 89
    '~'                   shift, and go to state 90
    '!'                   shift, and go to state 91
    ';'                   shift, and go to state 210

    primary_expression         go to state 92
    constant                   go to state 93
    string                     go to state 94
    generic_selection          go to state 95
    postfix_expression         go to state 96
    unary_expression           go to state 150
    unary_operator             go to state 98
    cast_expression            go to state 99
    multiplicative_expression  go to state 100
    additive_expression        go to state 101
    shift_expression           go to state 102
    relational_expression      go to state 103
    equality_expression        go to state 104
    and_expression             go to state 105
    exclusive_or_expression    go to state 106
    inclusive_or_expression    go to state 107
    logical_and_expression     go to state 108
    logical_or_expression      go to state 109
    conditional_expression     go to state 151
    assignment_expression      go to state 152
    expression                 go to state 211
    declaration                go to state 212
    declaration_specifiers     go to state 128
    storage_class_specifier    go to state 33
    type_specifier             go to state 34
    struct_or_union_specifier  go to state 35
    struct_or_union            go to state 36
    enum_specifier             go to state 37
    atomic_type_specifier      go to state 38
    type_qualifier             go to state 39
    function_specifier         go to state 40
    alignment_specifier        go to state 41
    static_assert_declaration  go to state 42
    statement                  go to state 213
    labeled_statement          go to state 214
    compound_statement         go to state 215
    block_item_list            go to state 216
    block_item                 go to state 217
    expression_statement       go to state 218
    selection_statement        go to state 219
    iteration_statement        go to state 220
    jump_statement             go to state 221


State 126

  105 init_declarator: declarator '=' • initializer

    SIZEOF                shift, and go to state 74
    INC_OP                shift, and go to state 75
    DEC_OP                shift, and go to state 76
    ALIGNOF               shift, and go to state 77
    IDENTIFIER            shift, and go to state 78
    STRING_LITERAL        shift, and go to state 79
    ENUMERATION_CONSTANT  shift, and go to state 80
    FUNC_NAME             shift, and go to state 81
    GENERIC               shift, and go to state 82
    I_CONSTANT            shift, and go to state 83
    F_CONSTANT            shift, and go to state 84
    '('                   shift, and go to state 85
    '{'                   shift, and go to state 222
    '&'                   shift, and go to state 86
    '*'                   shift, and go to state 87
    '+'                   shift, and go to state 88
    '-'                   shift, and go to state 89
    '~'                   shift, and go to state 90
    '!'                   shift, and go to state 91

    primary_expression         go to state 92
    constant                   go to state 93
    string                     go to state 94
    generic_selection          go to state 95
    postfix_expression         go to state 96
    unary_expression           go to state 150
    unary_operator             go to state 98
    cast_expression            go to state 99
    multiplicative_expression  go to state 100
    additive_expression        go to state 101
    shift_expression           go to state 102
    relational_expression      go to state 103
    equality_expression        go to state 104
    and_expression             go to state 105
    exclusive_or_expression    go to state 106
    inclusive_or_expression    go to state 107
    logical_and_expression     go to state 108
    logical_or_expression      go to state 109
    conditional_expression     go to state 151
    assignment_expression      go to state 223
    initializer                go to state 224


State 127

  273 declaration_list: declaration •

    $default  reduce using rule 273 (declaration_list)


State 128

   90 declaration: declaration_specifiers • ';'
   91            | declaration_specifiers • init_declarator_list ';'

    IDENTIFIER  shift, and go to state 51
    '('         shift, and go to state 52
    '*'         shift, and go to state 53
    ';'         shift, and go to state 54

    init_declarator_list  go to state 55
    init_declarator       go to state 56
    declarator            go to state 196
    direct_declarator     go to state 58
    pointer               go to state 59


State 129

  272 function_definition: declaration_specifiers declarator compound_statement •

    $default  reduce using rule 272 (function_definition)


State 130

  271 function_definition: declaration_specifiers declarator declaration_list • compound_statement
  274 declaration_list: declaration_list • declaration

    TYPEDEF_NAME   shift, and go to state 1
    TYPEDEF        shift, and go to state 2
    EXTERN         shift, and go to state 3
    STATIC         shift, and go to state 4
    AUTO           shift, and go to state 5
    REGISTER       shift, and go to state 6
    INLINE         shift, and go to state 7
    CONST          shift, and go to state 8
    RESTRICT       shift, and go to state 9
    VOLATILE       shift, and go to state 10
    CHAR           shift, and go to state 11
    SHORT          shift, and go to state 12
    LONG           shift, and go to state 13
    SIGNED         shift, and go to state 14
    UNSIGNED       shift, and go to state 15
    VOID           shift, and go to state 16
    COMPLEX        shift, and go to state 17
    IMAGINARY      shift, and go to state 18
    STRUCT         shift, and go to state 19
    UNION          shift, and go to state 20
    ENUM           shift, and go to state 21
    ALIGNAS        shift, and go to state 22
    ATOMIC         shift, and go to state 23
    NORETURN       shift, and go to state 24
    STATIC_ASSERT  shift, and go to state 25
    THREAD_LOCAL   shift, and go to state 26
    INT            shift, and go to state 27
    FLOAT          shift, and go to state 28
    DOUBLE         shift, and go to state 29
    BOOL           shift, and go to state 30
    '{'            shift, and go to state 125

    declaration                go to state 225
    declaration_specifiers     go to state 128
    storage_class_specifier    go to state 33
    type_specifier             go to state 34
    struct_or_union_specifier  go to state 35
    struct_or_union            go to state 36
    enum_specifier             go to state 37
    atomic_type_specifier      go to state 38
    type_qualifier             go to state 39
    function_specifier         go to state 40
    alignment_specifier        go to state 41
    static_assert_declaration  go to state 42
    compound_statement         go to state 226


State 131

  179 direct_declarator: direct_declarator '(' • parameter_type_list ')'
  180                  | direct_declarator '(' • ')'
  181                  | direct_declarator '(' • identifier_list ')'

    TYPEDEF_NAME  shift, and go to state 1
    TYPEDEF       shift, and go to state 2
    EXTERN        shift, and go to state 3
    STATIC        shift, and go to state 4
    AUTO          shift, and go to state 5
    REGISTER      shift, and go to state 6
    INLINE        shift, and go to state 7
    CONST         shift, and go to state 8
    RESTRICT      shift, and go to state 9
    VOLATILE      shift, and go to state 10
    CHAR          shift, and go to state 11
    SHORT         shift, and go to state 12
    LONG          shift, and go to state 13
    SIGNED        shift, and go to state 14
    UNSIGNED      shift, and go to state 15
    VOID          shift, and go to state 16
    COMPLEX       shift, and go to state 17
    IMAGINARY     shift, and go to state 18
    STRUCT        shift, and go to state 19
    UNION         shift, and go to state 20
    ENUM          shift, and go to state 21
    ALIGNAS       shift, and go to state 22
    ATOMIC        shift, and go to state 23
    NORETURN      shift, and go to state 24
    THREAD_LOCAL  shift, and go to state 26
    INT           shift, and go to state 27
    FLOAT         shift, and go to state 28
    IDENTIFIER    shift, and go to state 227
    DOUBLE        shift, and go to state 29
    BOOL          shift, and go to state 30
    ')'           shift, and go to state 228

    declaration_specifiers     go to state 229
    storage_class_specifier    go to state 33
    type_specifier             go to state 34
    struct_or_union_specifier  go to state 35
    struct_or_union            go to state 36
    enum_specifier             go to state 37
    atomic_type_specifier      go to state 38
    type_qualifier             go to state 39
    function_specifier         go to state 40
    alignment_specifier        go to state 41
    parameter_type_list        go to state 230
    parameter_list             go to state 231
    parameter_declaration      go to state 232
    identifier_list            go to state 233


State 132

  170 direct_declarator: direct_declarator '[' • ']'
  171                  | direct_declarator '[' • '*' ']'
  172                  | direct_declarator '[' • STATIC type_qualifier_list assignment_expression ']'
  173                  | direct_declarator '[' • STATIC assignment_expression ']'
  174                  | direct_declarator '[' • type_qualifier_list '*' ']'
  175                  | direct_declarator '[' • type_qualifier_list STATIC assignment_expression ']'
  176                  | direct_declarator '[' • type_qualifier_list assignment_expression ']'
  177                  | direct_declarator '[' • type_qualifier_list ']'
  178                  | direct_declarator '[' • assignment_expression ']'

    SIZEOF                shift, and go to state 74
    INC_OP                shift, and go to state 75
    DEC_OP                shift, and go to state 76
    STATIC                shift, and go to state 234
    CONST                 shift, and go to state 8
    RESTRICT              shift, and go to state 9
    VOLATILE              shift, and go to state 10
    ALIGNOF               shift, and go to state 77
    ATOMIC                shift, and go to state 119
    IDENTIFIER            shift, and go to state 78
    STRING_LITERAL        shift, and go to state 79
    ENUMERATION_CONSTANT  shift, and go to state 80
    FUNC_NAME             shift, and go to state 81
    GENERIC               shift, and go to state 82
    I_CONSTANT            shift, and go to state 83
    F_CONSTANT            shift, and go to state 84
    '('                   shift, and go to state 85
    ']'                   shift, and go to state 235
    '&'                   shift, and go to state 86
    '*'                   shift, and go to state 236
    '+'                   shift, and go to state 88
    '-'                   shift, and go to state 89
    '~'                   shift, and go to state 90
    '!'                   shift, and go to state 91

    primary_expression         go to state 92
    constant                   go to state 93
    string                     go to state 94
    generic_selection          go to state 95
    postfix_expression         go to state 96
    unary_expression           go to state 150
    unary_operator             go to state 98
    cast_expression            go to state 99
    multiplicative_expression  go to state 100
    additive_expression        go to state 101
    shift_expression           go to state 102
    relational_expression      go to state 103
    equality_expression        go to state 104
    and_expression             go to state 105
    exclusive_or_expression    go to state 106
    inclusive_or_expression    go to state 107
    logical_and_expression     go to state 108
    logical_or_expression      go to state 109
    conditional_expression     go to state 151
    assignment_expression      go to state 237
    type_qualifier             go to state 120
    type_qualifier_list        go to state 238


State 133

  166 declarator: pointer direct_declarator •
  170 direct_declarator: direct_declarator • '[' ']'
  171                  | direct_declarator • '[' '*' ']'
  172                  | direct_declarator • '[' STATIC type_qualifier_list assignment_expression ']'
  173                  | direct_declarator • '[' STATIC assignment_expression ']'
  174                  | direct_declarator • '[' type_qualifier_list '*' ']'
  175                  | direct_declarator • '[' type_qualifier_list STATIC assignment_expression ']'
  176                  | direct_declarator • '[' type_qualifier_list assignment_expression ']'
  177                  | direct_declarator • '[' type_qualifier_list ']'
  178                  | direct_declarator • '[' assignment_expression ']'
  179                  | direct_declarator • '(' parameter_type_list ')'
  180                  | direct_declarator • '(' ')'
  181                  | direct_declarator • '(' identifier_list ')'

    '('  shift, and go to state 131
    '['  shift, and go to state 132

    $default  reduce using rule 166 (declarator)


State 134

  130 struct_or_union_specifier: struct_or_union IDENTIFIER '{' • struct_declaration_list '}'

    TYPEDEF_NAME   shift, and go to state 1
    CONST          shift, and go to state 8
    RESTRICT       shift, and go to state 9
    VOLATILE       shift, and go to state 10
    CHAR           shift, and go to state 11
    SHORT          shift, and go to state 12
    LONG           shift, and go to state 13
    SIGNED         shift, and go to state 14
    UNSIGNED       shift, and go to state 15
    VOID           shift, and go to state 16
    COMPLEX        shift, and go to state 17
    IMAGINARY      shift, and go to state 18
    STRUCT         shift, and go to state 19
    UNION          shift, and go to state 20
    ENUM           shift, and go to state 21
    ATOMIC         shift, and go to state 23
    STATIC_ASSERT  shift, and go to state 25
    INT            shift, and go to state 27
    FLOAT          shift, and go to state 28
    DOUBLE         shift, and go to state 29
    BOOL           shift, and go to state 30

    type_specifier             go to state 112
    struct_or_union_specifier  go to state 35
    struct_or_union            go to state 36
    struct_declaration_list    go to state 239
    struct_declaration         go to state 136
    specifier_qualifier_list   go to state 137
    enum_specifier             go to state 37
    atomic_type_specifier      go to state 38
    type_qualifier             go to state 114
    static_assert_declaration  go to state 138


State 135

  129 struct_or_union_specifier: struct_or_union '{' struct_declaration_list • '}'
  135 struct_declaration_list: struct_declaration_list • struct_declaration

    TYPEDEF_NAME   shift, and go to state 1
    CONST          shift, and go to state 8
    RESTRICT       shift, and go to state 9
    VOLATILE       shift, and go to state 10
    CHAR           shift, and go to state 11
    SHORT          shift, and go to state 12
    LONG           shift, and go to state 13
    SIGNED         shift, and go to state 14
    UNSIGNED       shift, and go to state 15
    VOID           shift, and go to state 16
    COMPLEX        shift, and go to state 17
    IMAGINARY      shift, and go to state 18
    STRUCT         shift, and go to state 19
    UNION          shift, and go to state 20
    ENUM           shift, and go to state 21
    ATOMIC         shift, and go to state 23
    STATIC_ASSERT  shift, and go to state 25
    INT            shift, and go to state 27
    FLOAT          shift, and go to state 28
    DOUBLE         shift, and go to state 29
    BOOL           shift, and go to state 30
    '}'            shift, and go to state 240

    type_specifier             go to state 112
    struct_or_union_specifier  go to state 35
    struct_or_union            go to state 36
    struct_declaration         go to state 241
    specifier_qualifier_list   go to state 137
    enum_specifier             go to state 37
    atomic_type_specifier      go to state 38
    type_qualifier             go to state 114
    static_assert_declaration  go to state 138


State 136

  134 struct_declaration_list: struct_declaration •

    $default  reduce using rule 134 (struct_declaration_list)


State 137

  136 struct_declaration: specifier_qualifier_list • ';'
  137                   | specifier_qualifier_list • struct_declarator_list ';'

    IDENTIFIER  shift, and go to state 51
    '('         shift, and go to state 52
    ':'         shift, and go to state 242
    '*'         shift, and go to state 53
    ';'         shift, and go to state 243

    struct_declarator_list  go to state 244
    struct_declarator       go to state 245
    declarator              go to state 246
    direct_declarator       go to state 58
    pointer                 go to state 59


State 138

  138 struct_declaration: static_assert_declaration •

    $default  reduce using rule 138 (struct_declaration)


State 139

  150 enum_specifier: ENUM IDENTIFIER '{' enumerator_list • '}'
  151               | ENUM IDENTIFIER '{' enumerator_list • ',' '}'
  154 enumerator_list: enumerator_list • ',' enumerator

    ','  shift, and go to state 247
    '}'  shift, and go to state 248


State 140

  155 enumerator: enumeration_constant '=' • constant_expression

    SIZEOF                shift, and go to state 74
    INC_OP                shift, and go to state 75
    DEC_OP                shift, and go to state 76
    ALIGNOF               shift, and go to state 77
    IDENTIFIER            shift, and go to state 78
    STRING_LITERAL        shift, and go to state 79
    ENUMERATION_CONSTANT  shift, and go to state 80
    FUNC_NAME             shift, and go to state 81
    GENERIC               shift, and go to state 82
    I_CONSTANT            shift, and go to state 83
    F_CONSTANT            shift, and go to state 84
    '('                   shift, and go to state 85
    '&'                   shift, and go to state 86
    '*'                   shift, and go to state 87
    '+'                   shift, and go to state 88
    '-'                   shift, and go to state 89
    '~'                   shift, and go to state 90
    '!'                   shift, and go to state 91

    primary_expression         go to state 92
    constant                   go to state 93
    string                     go to state 94
    generic_selection          go to state 95
    postfix_expression         go to state 96
    unary_expression           go to state 97
    unary_operator             go to state 98
    cast_expression            go to state 99
    multiplicative_expression  go to state 100
    additive_expression        go to state 101
    shift_expression           go to state 102
    relational_expression      go to state 103
    equality_expression        go to state 104
    and_expression             go to state 105
    exclusive_or_expression    go to state 106
    inclusive_or_expression    go to state 107
    logical_and_expression     go to state 108
    logical_or_expression      go to state 109
    conditional_expression     go to state 110
    constant_expression        go to state 249


State 141

  149 enum_specifier: ENUM '{' enumerator_list ',' • '}'
  154 enumerator_list: enumerator_list ',' • enumerator

    IDENTIFIER  shift, and go to state 70
    '}'         shift, and go to state 250

    enumeration_constant  go to state 71
    enumerator            go to state 251


State 142

  148 enum_specifier: ENUM '{' enumerator_list '}' •

    $default  reduce using rule 148 (enum_specifier)


State 143

    4 primary_expression: '(' • expression ')'
   25 postfix_expression: '(' • type_name ')' '{' initializer_list '}'
   26                   | '(' • type_name ')' '{' initializer_list ',' '}'
   34 unary_expression: SIZEOF '(' • type_name ')'

    SIZEOF                shift, and go to state 74
    INC_OP                shift, and go to state 75
    DEC_OP                shift, and go to state 76
    TYPEDEF_NAME          shift, and go to state 1
    CONST                 shift, and go to state 8
    RESTRICT              shift, and go to state 9
    VOLATILE              shift, and go to state 10
    CHAR                  shift, and go to state 11
    SHORT                 shift, and go to state 12
    LONG                  shift, and go to state 13
    SIGNED                shift, and go to state 14
    UNSIGNED              shift, and go to state 15
    VOID                  shift, and go to state 16
    COMPLEX               shift, and go to state 17
    IMAGINARY             shift, and go to state 18
    STRUCT                shift, and go to state 19
    UNION                 shift, and go to state 20
    ENUM                  shift, and go to state 21
    ALIGNOF               shift, and go to state 77
    ATOMIC                shift, and go to state 23
    INT                   shift, and go to state 27
    FLOAT                 shift, and go to state 28
    IDENTIFIER            shift, and go to state 78
    STRING_LITERAL        shift, and go to state 79
    ENUMERATION_CONSTANT  shift, and go to state 80
    FUNC_NAME             shift, and go to state 81
    GENERIC               shift, and go to state 82
    I_CONSTANT            shift, and go to state 83
    F_CONSTANT            shift, and go to state 84
    DOUBLE                shift, and go to state 29
    BOOL                  shift, and go to state 30
    '('                   shift, and go to state 85
    '&'                   shift, and go to state 86
    '*'                   shift, and go to state 87
    '+'                   shift, and go to state 88
    '-'                   shift, and go to state 89
    '~'                   shift, and go to state 90
    '!'                   shift, and go to state 91

    primary_expression         go to state 92
    constant                   go to state 93
    string                     go to state 94
    generic_selection          go to state 95
    postfix_expression         go to state 96
    unary_expression           go to state 150
    unary_operator             go to state 98
    cast_expression            go to state 99
    multiplicative_expression  go to state 100
    additive_expression        go to state 101
    shift_expression           go to state 102
    relational_expression      go to state 103
    equality_expression        go to state 104
    and_expression             go to state 105
    exclusive_or_expression    go to state 106
    inclusive_or_expression    go to state 107
    logical_and_expression     go to state 108
    logical_or_expression      go to state 109
    conditional_expression     go to state 151
    assignment_expression      go to state 152
    expression                 go to state 153
    type_specifier             go to state 112
    struct_or_union_specifier  go to state 35
    struct_or_union            go to state 36
    specifier_qualifier_list   go to state 113
    enum_specifier             go to state 37
    atomic_type_specifier      go to state 38
    type_qualifier             go to state 114
    type_name                  go to state 252


State 144

   33 unary_expression: SIZEOF unary_expression •

    $default  reduce using rule 33 (unary_expression)


State 145

    4 primary_expression: '(' • expression ')'
   25 postfix_expression: '(' • type_name ')' '{' initializer_list '}'
   26                   | '(' • type_name ')' '{' initializer_list ',' '}'

    SIZEOF                shift, and go to state 74
    INC_OP                shift, and go to state 75
    DEC_OP                shift, and go to state 76
    TYPEDEF_NAME          shift, and go to state 1
    CONST                 shift, and go to state 8
    RESTRICT              shift, and go to state 9
    VOLATILE              shift, and go to state 10
    CHAR                  shift, and go to state 11
    SHORT                 shift, and go to state 12
    LONG                  shift, and go to state 13
    SIGNED                shift, and go to state 14
    UNSIGNED              shift, and go to state 15
    VOID                  shift, and go to state 16
    COMPLEX               shift, and go to state 17
    IMAGINARY             shift, and go to state 18
    STRUCT                shift, and go to state 19
    UNION                 shift, and go to state 20
    ENUM                  shift, and go to state 21
    ALIGNOF               shift, and go to state 77
    ATOMIC                shift, and go to state 23
    INT                   shift, and go to state 27
    FLOAT                 shift, and go to state 28
    IDENTIFIER            shift, and go to state 78
    STRING_LITERAL        shift, and go to state 79
    ENUMERATION_CONSTANT  shift, and go to state 80
    FUNC_NAME             shift, and go to state 81
    GENERIC               shift, and go to state 82
    I_CONSTANT            shift, and go to state 83
    F_CONSTANT            shift, and go to state 84
    DOUBLE                shift, and go to state 29
    BOOL                  shift, and go to state 30
    '('                   shift, and go to state 85
    '&'                   shift, and go to state 86
    '*'                   shift, and go to state 87
    '+'                   shift, and go to state 88
    '-'                   shift, and go to state 89
    '~'                   shift, and go to state 90
    '!'                   shift, and go to state 91

    primary_expression         go to state 92
    constant                   go to state 93
    string                     go to state 94
    generic_selection          go to state 95
    postfix_expression         go to state 96
    unary_expression           go to state 150
    unary_operator             go to state 98
    cast_expression            go to state 99
    multiplicative_expression  go to state 100
    additive_expression        go to state 101
    shift_expression           go to state 102
    relational_expression      go to state 103
    equality_expression        go to state 104
    and_expression             go to state 105
    exclusive_or_expression    go to state 106
    inclusive_or_expression    go to state 107
    logical_and_expression     go to state 108
    logical_or_expression      go to state 109
    conditional_expression     go to state 151
    assignment_expression      go to state 152
    expression                 go to state 153
    type_specifier             go to state 112
    struct_or_union_specifier  go to state 35
    struct_or_union            go to state 36
    specifier_qualifier_list   go to state 113
    enum_specifier             go to state 37
    atomic_type_specifier      go to state 38
    type_qualifier             go to state 114
    type_name                  go to state 253


State 146

   30 unary_expression: INC_OP unary_expression •

    $default  reduce using rule 30 (unary_expression)


State 147

   31 unary_expression: DEC_OP unary_expression •

    $default  reduce using rule 31 (unary_expression)


State 148

   35 unary_expression: ALIGNOF '(' • type_name ')'

    TYPEDEF_NAME  shift, and go to state 1
    CONST         shift, and go to state 8
    RESTRICT      shift, and go to state 9
    VOLATILE      shift, and go to state 10
    CHAR          shift, and go to state 11
    SHORT         shift, and go to state 12
    LONG          shift, and go to state 13
    SIGNED        shift, and go to state 14
    UNSIGNED      shift, and go to state 15
    VOID          shift, and go to state 16
    COMPLEX       shift, and go to state 17
    IMAGINARY     shift, and go to state 18
    STRUCT        shift, and go to state 19
    UNION         shift, and go to state 20
    ENUM          shift, and go to state 21
    ATOMIC        shift, and go to state 23
    INT           shift, and go to state 27
    FLOAT         shift, and go to state 28
    DOUBLE        shift, and go to state 29
    BOOL          shift, and go to state 30

    type_specifier             go to state 112
    struct_or_union_specifier  go to state 35
    struct_or_union            go to state 36
    specifier_qualifier_list   go to state 113
    enum_specifier             go to state 37
    atomic_type_specifier      go to state 38
    type_qualifier             go to state 114
    type_name                  go to state 254


State 149

   12 generic_selection: GENERIC '(' • assignment_expression ',' generic_assoc_list ')'

    SIZEOF                shift, and go to state 74
    INC_OP                shift, and go to state 75
    DEC_OP                shift, and go to state 76
    ALIGNOF               shift, and go to state 77
    IDENTIFIER            shift, and go to state 78
    STRING_LITERAL        shift, and go to state 79
    ENUMERATION_CONSTANT  shift, and go to state 80
    FUNC_NAME             shift, and go to state 81
    GENERIC               shift, and go to state 82
    I_CONSTANT            shift, and go to state 83
    F_CONSTANT            shift, and go to state 84
    '('                   shift, and go to state 85
    '&'                   shift, and go to state 86
    '*'                   shift, and go to state 87
    '+'                   shift, and go to state 88
    '-'                   shift, and go to state 89
    '~'                   shift, and go to state 90
    '!'                   shift, and go to state 91

    primary_expression         go to state 92
    constant                   go to state 93
    string                     go to state 94
    generic_selection          go to state 95
    postfix_expression         go to state 96
    unary_expression           go to state 150
    unary_operator             go to state 98
    cast_expression            go to state 99
    multiplicative_expression  go to state 100
    additive_expression        go to state 101
    shift_expression           go to state 102
    relational_expression      go to state 103
    equality_expression        go to state 104
    and_expression             go to state 105
    exclusive_or_expression    go to state 106
    inclusive_or_expression    go to state 107
    logical_and_expression     go to state 108
    logical_or_expression      go to state 109
    conditional_expression     go to state 151
    assignment_expression      go to state 255


State 150

   42 cast_expression: unary_expression •
   75 assignment_expression: unary_expression • assignment_operator assignment_expression

    MUL_ASSIGN    shift, and go to state 256
    DIV_ASSIGN    shift, and go to state 257
    MOD_ASSIGN    shift, and go to state 258
    ADD_ASSIGN    shift, and go to state 259
    SUB_ASSIGN    shift, and go to state 260
    LEFT_ASSIGN   shift, and go to state 261
    RIGHT_ASSIGN  shift, and go to state 262
    AND_ASSIGN    shift, and go to state 263
    XOR_ASSIGN    shift, and go to state 264
    OR_ASSIGN     shift, and go to state 265
    '='           shift, and go to state 266

    $default  reduce using rule 42 (cast_expression)

    assignment_operator  go to state 267


State 151

   74 assignment_expression: conditional_expression •

    $default  reduce using rule 74 (assignment_expression)


State 152

   87 expression: assignment_expression •

    $default  reduce using rule 87 (expression)


State 153

    4 primary_expression: '(' expression • ')'
   88 expression: expression • ',' assignment_expression

    ')'  shift, and go to state 268
    ','  shift, and go to state 269


State 154

   25 postfix_expression: '(' type_name • ')' '{' initializer_list '}'
   26                   | '(' type_name • ')' '{' initializer_list ',' '}'
   43 cast_expression: '(' type_name • ')' cast_expression

    ')'  shift, and go to state 270


State 155

   22 postfix_expression: postfix_expression PTR_OP • IDENTIFIER

    IDENTIFIER  shift, and go to state 271


State 156

   23 postfix_expression: postfix_expression INC_OP •

    $default  reduce using rule 23 (postfix_expression)


State 157

   24 postfix_expression: postfix_expression DEC_OP •

    $default  reduce using rule 24 (postfix_expression)


State 158

   19 postfix_expression: postfix_expression '(' • ')'
   20                   | postfix_expression '(' • argument_expression_list ')'

    SIZEOF                shift, and go to state 74
    INC_OP                shift, and go to state 75
    DEC_OP                shift, and go to state 76
    ALIGNOF               shift, and go to state 77
    IDENTIFIER            shift, and go to state 78
    STRING_LITERAL        shift, and go to state 79
    ENUMERATION_CONSTANT  shift, and go to state 80
    FUNC_NAME             shift, and go to state 81
    GENERIC               shift, and go to state 82
    I_CONSTANT            shift, and go to state 83
    F_CONSTANT            shift, and go to state 84
    '('                   shift, and go to state 85
    ')'                   shift, and go to state 272
    '&'                   shift, and go to state 86
    '*'                   shift, and go to state 87
    '+'                   shift, and go to state 88
    '-'                   shift, and go to state 89
    '~'                   shift, and go to state 90
    '!'                   shift, and go to state 91

    primary_expression         go to state 92
    constant                   go to state 93
    string                     go to state 94
    generic_selection          go to state 95
    postfix_expression         go to state 96
    argument_expression_list   go to state 273
    unary_expression           go to state 150
    unary_operator             go to state 98
    cast_expression            go to state 99
    multiplicative_expression  go to state 100
    additive_expression        go to state 101
    shift_expression           go to state 102
    relational_expression      go to state 103
    equality_expression        go to state 104
    and_expression             go to state 105
    exclusive_or_expression    go to state 106
    inclusive_or_expression    go to state 107
    logical_and_expression     go to state 108
    logical_or_expression      go to state 109
    conditional_expression     go to state 151
    assignment_expression      go to state 274


State 159

   18 postfix_expression: postfix_expression '[' • expression ']'

    SIZEOF                shift, and go to state 74
    INC_OP                shift, and go to state 75
    DEC_OP                shift, and go to state 76
    ALIGNOF               shift, and go to state 77
    IDENTIFIER            shift, and go to state 78
    STRING_LITERAL        shift, and go to state 79
    ENUMERATION_CONSTANT  shift, and go to state 80
    FUNC_NAME             shift, and go to state 81
    GENERIC               shift, and go to state 82
    I_CONSTANT            shift, and go to state 83
    F_CONSTANT            shift, and go to state 84
    '('                   shift, and go to state 85
    '&'                   shift, and go to state 86
    '*'                   shift, and go to state 87
    '+'                   shift, and go to state 88
    '-'                   shift, and go to state 89
    '~'                   shift, and go to state 90
    '!'                   shift, and go to state 91

    primary_expression         go to state 92
    constant                   go to state 93
    string                     go to state 94
    generic_selection          go to state 95
    postfix_expression         go to state 96
    unary_expression           go to state 150
    unary_operator             go to state 98
    cast_expression            go to state 99
    multiplicative_expression  go to state 100
    additive_expression        go to state 101
    shift_expression           go to state 102
    relational_expression      go to state 103
    equality_expression        go to state 104
    and_expression             go to state 105
    exclusive_or_expression    go to state 106
    inclusive_or_expression    go to state 107
    logical_and_expression     go to state 108
    logical_or_expression      go to state 109
    conditional_expression     go to state 151
    assignment_expression      go to state 152
    expression                 go to state 275


State 160

   21 postfix_expression: postfix_expression '.' • IDENTIFIER

    IDENTIFIER  shift, and go to state 276


State 161

   32 unary_expression: unary_operator cast_expression •

    $default  reduce using rule 32 (unary_expression)


State 162

   45 multiplicative_expression: multiplicative_expression '*' • cast_expression

    SIZEOF                shift, and go to state 74
    INC_OP                shift, and go to state 75
    DEC_OP                shift, and go to state 76
    ALIGNOF               shift, and go to state 77
    IDENTIFIER            shift, and go to state 78
    STRING_LITERAL        shift, and go to state 79
    ENUMERATION_CONSTANT  shift, and go to state 80
    FUNC_NAME             shift, and go to state 81
    GENERIC               shift, and go to state 82
    I_CONSTANT            shift, and go to state 83
    F_CONSTANT            shift, and go to state 84
    '('                   shift, and go to state 85
    '&'                   shift, and go to state 86
    '*'                   shift, and go to state 87
    '+'                   shift, and go to state 88
    '-'                   shift, and go to state 89
    '~'                   shift, and go to state 90
    '!'                   shift, and go to state 91

    primary_expression  go to state 92
    constant            go to state 93
    string              go to state 94
    generic_selection   go to state 95
    postfix_expression  go to state 96
    unary_expression    go to state 97
    unary_operator      go to state 98
    cast_expression     go to state 277


State 163

   46 multiplicative_expression: multiplicative_expression '/' • cast_expression

    SIZEOF                shift, and go to state 74
    INC_OP                shift, and go to state 75
    DEC_OP                shift, and go to state 76
    ALIGNOF               shift, and go to state 77
    IDENTIFIER            shift, and go to state 78
    STRING_LITERAL        shift, and go to state 79
    ENUMERATION_CONSTANT  shift, and go to state 80
    FUNC_NAME             shift, and go to state 81
    GENERIC               shift, and go to state 82
    I_CONSTANT            shift, and go to state 83
    F_CONSTANT            shift, and go to state 84
    '('                   shift, and go to state 85
    '&'                   shift, and go to state 86
    '*'                   shift, and go to state 87
    '+'                   shift, and go to state 88
    '-'                   shift, and go to state 89
    '~'                   shift, and go to state 90
    '!'                   shift, and go to state 91

    primary_expression  go to state 92
    constant            go to state 93
    string              go to state 94
    generic_selection   go to state 95
    postfix_expression  go to state 96
    unary_expression    go to state 97
    unary_operator      go to state 98
    cast_expression     go to state 278


State 164

   47 multiplicative_expression: multiplicative_expression '%' • cast_expression

    SIZEOF                shift, and go to state 74
    INC_OP                shift, and go to state 75
    DEC_OP                shift, and go to state 76
    ALIGNOF               shift, and go to state 77
    IDENTIFIER            shift, and go to state 78
    STRING_LITERAL        shift, and go to state 79
    ENUMERATION_CONSTANT  shift, and go to state 80
    FUNC_NAME             shift, and go to state 81
    GENERIC               shift, and go to state 82
    I_CONSTANT            shift, and go to state 83
    F_CONSTANT            shift, and go to state 84
    '('                   shift, and go to state 85
    '&'                   shift, and go to state 86
    '*'                   shift, and go to state 87
    '+'                   shift, and go to state 88
    '-'                   shift, and go to state 89
    '~'                   shift, and go to state 90
    '!'                   shift, and go to state 91

    primary_expression  go to state 92
    constant            go to state 93
    string              go to state 94
    generic_selection   go to state 95
    postfix_expression  go to state 96
    unary_expression    go to state 97
    unary_operator      go to state 98
    cast_expression     go to state 279


State 165

   49 additive_expression: additive_expression '+' • multiplicative_expression

    SIZEOF                shift, and go to state 74
    INC_OP                shift, and go to state 75
    DEC_OP                shift, and go to state 76
    ALIGNOF               shift, and go to state 77
    IDENTIFIER            shift, and go to state 78
    STRING_LITERAL        shift, and go to state 79
    ENUMERATION_CONSTANT  shift, and go to state 80
    FUNC_NAME             shift, and go to state 81
    GENERIC               shift, and go to state 82
    I_CONSTANT            shift, and go to state 83
    F_CONSTANT            shift, and go to state 84
    '('                   shift, and go to state 85
    '&'                   shift, and go to state 86
    '*'                   shift, and go to state 87
    '+'                   shift, and go to state 88
    '-'                   shift, and go to state 89
    '~'                   shift, and go to state 90
    '!'                   shift, and go to state 91

    primary_expression         go to state 92
    constant                   go to state 93
    string                     go to state 94
    generic_selection          go to state 95
    postfix_expression         go to state 96
    unary_expression           go to state 97
    unary_operator             go to state 98
    cast_expression            go to state 99
    multiplicative_expression  go to state 280


State 166

   50 additive_expression: additive_expression '-' • multiplicative_expression

    SIZEOF                shift, and go to state 74
    INC_OP                shift, and go to state 75
    DEC_OP                shift, and go to state 76
    ALIGNOF               shift, and go to state 77
    IDENTIFIER            shift, and go to state 78
    STRING_LITERAL        shift, and go to state 79
    ENUMERATION_CONSTANT  shift, and go to state 80
    FUNC_NAME             shift, and go to state 81
    GENERIC               shift, and go to state 82
    I_CONSTANT            shift, and go to state 83
    F_CONSTANT            shift, and go to state 84
    '('                   shift, and go to state 85
    '&'                   shift, and go to state 86
    '*'                   shift, and go to state 87
    '+'                   shift, and go to state 88
    '-'                   shift, and go to state 89
    '~'                   shift, and go to state 90
    '!'                   shift, and go to state 91

    primary_expression         go to state 92
    constant                   go to state 93
    string                     go to state 94
    generic_selection          go to state 95
    postfix_expression         go to state 96
    unary_expression           go to state 97
    unary_operator             go to state 98
    cast_expression            go to state 99
    multiplicative_expression  go to state 281


State 167

   52 shift_expression: shift_expression LEFT_OP • additive_expression

    SIZEOF                shift, and go to state 74
    INC_OP                shift, and go to state 75
    DEC_OP                shift, and go to state 76
    ALIGNOF               shift, and go to state 77
    IDENTIFIER            shift, and go to state 78
    STRING_LITERAL        shift, and go to state 79
    ENUMERATION_CONSTANT  shift, and go to state 80
    FUNC_NAME             shift, and go to state 81
    GENERIC               shift, and go to state 82
    I_CONSTANT            shift, and go to state 83
    F_CONSTANT            shift, and go to state 84
    '('                   shift, and go to state 85
    '&'                   shift, and go to state 86
    '*'                   shift, and go to state 87
    '+'                   shift, and go to state 88
    '-'                   shift, and go to state 89
    '~'                   shift, and go to state 90
    '!'                   shift, and go to state 91

    primary_expression         go to state 92
    constant                   go to state 93
    string                     go to state 94
    generic_selection          go to state 95
    postfix_expression         go to state 96
    unary_expression           go to state 97
    unary_operator             go to state 98
    cast_expression            go to state 99
    multiplicative_expression  go to state 100
    additive_expression        go to state 282


State 168

   53 shift_expression: shift_expression RIGHT_OP • additive_expression

    SIZEOF                shift, and go to state 74
    INC_OP                shift, and go to state 75
    DEC_OP                shift, and go to state 76
    ALIGNOF               shift, and go to state 77
    IDENTIFIER            shift, and go to state 78
    STRING_LITERAL        shift, and go to state 79
    ENUMERATION_CONSTANT  shift, and go to state 80
    FUNC_NAME             shift, and go to state 81
    GENERIC               shift, and go to state 82
    I_CONSTANT            shift, and go to state 83
    F_CONSTANT            shift, and go to state 84
    '('                   shift, and go to state 85
    '&'                   shift, and go to state 86
    '*'                   shift, and go to state 87
    '+'                   shift, and go to state 88
    '-'                   shift, and go to state 89
    '~'                   shift, and go to state 90
    '!'                   shift, and go to state 91

    primary_expression         go to state 92
    constant                   go to state 93
    string                     go to state 94
    generic_selection          go to state 95
    postfix_expression         go to state 96
    unary_expression           go to state 97
    unary_operator             go to state 98
    cast_expression            go to state 99
    multiplicative_expression  go to state 100
    additive_expression        go to state 283


State 169

   57 relational_expression: relational_expression LE_OP • shift_expression

    SIZEOF                shift, and go to state 74
    INC_OP                shift, and go to state 75
    DEC_OP                shift, and go to state 76
    ALIGNOF               shift, and go to state 77
    IDENTIFIER            shift, and go to state 78
    STRING_LITERAL        shift, and go to state 79
    ENUMERATION_CONSTANT  shift, and go to state 80
    FUNC_NAME             shift, and go to state 81
    GENERIC               shift, and go to state 82
    I_CONSTANT            shift, and go to state 83
    F_CONSTANT            shift, and go to state 84
    '('                   shift, and go to state 85
    '&'                   shift, and go to state 86
    '*'                   shift, and go to state 87
    '+'                   shift, and go to state 88
    '-'                   shift, and go to state 89
    '~'                   shift, and go to state 90
    '!'                   shift, and go to state 91

    primary_expression         go to state 92
    constant                   go to state 93
    string                     go to state 94
    generic_selection          go to state 95
    postfix_expression         go to state 96
    unary_expression           go to state 97
    unary_operator             go to state 98
    cast_expression            go to state 99
    multiplicative_expression  go to state 100
    additive_expression        go to state 101
    shift_expression           go to state 284


State 170

   58 relational_expression: relational_expression GE_OP • shift_expression

    SIZEOF                shift, and go to state 74
    INC_OP                shift, and go to state 75
    DEC_OP                shift, and go to state 76
    ALIGNOF               shift, and go to state 77
    IDENTIFIER            shift, and go to state 78
    STRING_LITERAL        shift, and go to state 79
    ENUMERATION_CONSTANT  shift, and go to state 80
    FUNC_NAME             shift, and go to state 81
    GENERIC               shift, and go to state 82
    I_CONSTANT            shift, and go to state 83
    F_CONSTANT            shift, and go to state 84
    '('                   shift, and go to state 85
    '&'                   shift, and go to state 86
    '*'                   shift, and go to state 87
    '+'                   shift, and go to state 88
    '-'                   shift, and go to state 89
    '~'                   shift, and go to state 90
    '!'                   shift, and go to state 91

    primary_expression         go to state 92
    constant                   go to state 93
    string                     go to state 94
    generic_selection          go to state 95
    postfix_expression         go to state 96
    unary_expression           go to state 97
    unary_operator             go to state 98
    cast_expression            go to state 99
    multiplicative_expression  go to state 100
    additive_expression        go to state 101
    shift_expression           go to state 285


State 171

   55 relational_expression: relational_expression '<' • shift_expression

    SIZEOF                shift, and go to state 74
    INC_OP                shift, and go to state 75
    DEC_OP                shift, and go to state 76
    ALIGNOF               shift, and go to state 77
    IDENTIFIER            shift, and go to state 78
    STRING_LITERAL        shift, and go to state 79
    ENUMERATION_CONSTANT  shift, and go to state 80
    FUNC_NAME             shift, and go to state 81
    GENERIC               shift, and go to state 82
    I_CONSTANT            shift, and go to state 83
    F_CONSTANT            shift, and go to state 84
    '('                   shift, and go to state 85
    '&'                   shift, and go to state 86
    '*'                   shift, and go to state 87
    '+'                   shift, and go to state 88
    '-'                   shift, and go to state 89
    '~'                   shift, and go to state 90
    '!'                   shift, and go to state 91

    primary_expression         go to state 92
    constant                   go to state 93
    string                     go to state 94
    generic_selection          go to state 95
    postfix_expression         go to state 96
    unary_expression           go to state 97
    unary_operator             go to state 98
    cast_expression            go to state 99
    multiplicative_expression  go to state 100
    additive_expression        go to state 101
    shift_expression           go to state 286


State 172

   56 relational_expression: relational_expression '>' • shift_expression

    SIZEOF                shift, and go to state 74
    INC_OP                shift, and go to state 75
    DEC_OP                shift, and go to state 76
    ALIGNOF               shift, and go to state 77
    IDENTIFIER            shift, and go to state 78
    STRING_LITERAL        shift, and go to state 79
    ENUMERATION_CONSTANT  shift, and go to state 80
    FUNC_NAME             shift, and go to state 81
    GENERIC               shift, and go to state 82
    I_CONSTANT            shift, and go to state 83
    F_CONSTANT            shift, and go to state 84
    '('                   shift, and go to state 85
    '&'                   shift, and go to state 86
    '*'                   shift, and go to state 87
    '+'                   shift, and go to state 88
    '-'                   shift, and go to state 89
    '~'                   shift, and go to state 90
    '!'                   shift, and go to state 91

    primary_expression         go to state 92
    constant                   go to state 93
    string                     go to state 94
    generic_selection          go to state 95
    postfix_expression         go to state 96
    unary_expression           go to state 97
    unary_operator             go to state 98
    cast_expression            go to state 99
    multiplicative_expression  go to state 100
    additive_expression        go to state 101
    shift_expression           go to state 287


State 173

   60 equality_expression: equality_expression EQ_OP • relational_expression

    SIZEOF                shift, and go to state 74
    INC_OP                shift, and go to state 75
    DEC_OP                shift, and go to state 76
    ALIGNOF               shift, and go to state 77
    IDENTIFIER            shift, and go to state 78
    STRING_LITERAL        shift, and go to state 79
    ENUMERATION_CONSTANT  shift, and go to state 80
    FUNC_NAME             shift, and go to state 81
    GENERIC               shift, and go to state 82
    I_CONSTANT            shift, and go to state 83
    F_CONSTANT            shift, and go to state 84
    '('                   shift, and go to state 85
    '&'                   shift, and go to state 86
    '*'                   shift, and go to state 87
    '+'                   shift, and go to state 88
    '-'                   shift, and go to state 89
    '~'                   shift, and go to state 90
    '!'                   shift, and go to state 91

    primary_expression         go to state 92
    constant                   go to state 93
    string                     go to state 94
    generic_selection          go to state 95
    postfix_expression         go to state 96
    unary_expression           go to state 97
    unary_operator             go to state 98
    cast_expression            go to state 99
    multiplicative_expression  go to state 100
    additive_expression        go to state 101
    shift_expression           go to state 102
    relational_expression      go to state 288


State 174

   61 equality_expression: equality_expression NE_OP • relational_expression

    SIZEOF                shift, and go to state 74
    INC_OP                shift, and go to state 75
    DEC_OP                shift, and go to state 76
    ALIGNOF               shift, and go to state 77
    IDENTIFIER            shift, and go to state 78
    STRING_LITERAL        shift, and go to state 79
    ENUMERATION_CONSTANT  shift, and go to state 80
    FUNC_NAME             shift, and go to state 81
    GENERIC               shift, and go to state 82
    I_CONSTANT            shift, and go to state 83
    F_CONSTANT            shift, and go to state 84
    '('                   shift, and go to state 85
    '&'                   shift, and go to state 86
    '*'                   shift, and go to state 87
    '+'                   shift, and go to state 88
    '-'                   shift, and go to state 89
    '~'                   shift, and go to state 90
    '!'                   shift, and go to state 91

    primary_expression         go to state 92
    constant                   go to state 93
    string                     go to state 94
    generic_selection          go to state 95
    postfix_expression         go to state 96
    unary_expression           go to state 97
    unary_operator             go to state 98
    cast_expression            go to state 99
    multiplicative_expression  go to state 100
    additive_expression        go to state 101
    shift_expression           go to state 102
    relational_expression      go to state 289


State 175

   63 and_expression: and_expression '&' • equality_expression

    SIZEOF                shift, and go to state 74
    INC_OP                shift, and go to state 75
    DEC_OP                shift, and go to state 76
    ALIGNOF               shift, and go to state 77
    IDENTIFIER            shift, and go to state 78
    STRING_LITERAL        shift, and go to state 79
    ENUMERATION_CONSTANT  shift, and go to state 80
    FUNC_NAME             shift, and go to state 81
    GENERIC               shift, and go to state 82
    I_CONSTANT            shift, and go to state 83
    F_CONSTANT            shift, and go to state 84
    '('                   shift, and go to state 85
    '&'                   shift, and go to state 86
    '*'                   shift, and go to state 87
    '+'                   shift, and go to state 88
    '-'                   shift, and go to state 89
    '~'                   shift, and go to state 90
    '!'                   shift, and go to state 91

    primary_expression         go to state 92
    constant                   go to state 93
    string                     go to state 94
    generic_selection          go to state 95
    postfix_expression         go to state 96
    unary_expression           go to state 97
    unary_operator             go to state 98
    cast_expression            go to state 99
    multiplicative_expression  go to state 100
    additive_expression        go to state 101
    shift_expression           go to state 102
    relational_expression      go to state 103
    equality_expression        go to state 290


State 176

   65 exclusive_or_expression: exclusive_or_expression '^' • and_expression

    SIZEOF                shift, and go to state 74
    INC_OP                shift, and go to state 75
    DEC_OP                shift, and go to state 76
    ALIGNOF               shift, and go to state 77
    IDENTIFIER            shift, and go to state 78
    STRING_LITERAL        shift, and go to state 79
    ENUMERATION_CONSTANT  shift, and go to state 80
    FUNC_NAME             shift, and go to state 81
    GENERIC               shift, and go to state 82
    I_CONSTANT            shift, and go to state 83
    F_CONSTANT            shift, and go to state 84
    '('                   shift, and go to state 85
    '&'                   shift, and go to state 86
    '*'                   shift, and go to state 87
    '+'                   shift, and go to state 88
    '-'                   shift, and go to state 89
    '~'                   shift, and go to state 90
    '!'                   shift, and go to state 91

    primary_expression         go to state 92
    constant                   go to state 93
    string                     go to state 94
    generic_selection          go to state 95
    postfix_expression         go to state 96
    unary_expression           go to state 97
    unary_operator             go to state 98
    cast_expression            go to state 99
    multiplicative_expression  go to state 100
    additive_expression        go to state 101
    shift_expression           go to state 102
    relational_expression      go to state 103
    equality_expression        go to state 104
    and_expression             go to state 291


State 177

   67 inclusive_or_expression: inclusive_or_expression '|' • exclusive_or_expression

    SIZEOF                shift, and go to state 74
    INC_OP                shift, and go to state 75
    DEC_OP                shift, and go to state 76
    ALIGNOF               shift, and go to state 77
    IDENTIFIER            shift, and go to state 78
    STRING_LITERAL        shift, and go to state 79
    ENUMERATION_CONSTANT  shift, and go to state 80
    FUNC_NAME             shift, and go to state 81
    GENERIC               shift, and go to state 82
    I_CONSTANT            shift, and go to state 83
    F_CONSTANT            shift, and go to state 84
    '('                   shift, and go to state 85
    '&'                   shift, and go to state 86
    '*'                   shift, and go to state 87
    '+'                   shift, and go to state 88
    '-'                   shift, and go to state 89
    '~'                   shift, and go to state 90
    '!'                   shift, and go to state 91

    primary_expression         go to state 92
    constant                   go to state 93
    string                     go to state 94
    generic_selection          go to state 95
    postfix_expression         go to state 96
    unary_expression           go to state 97
    unary_operator             go to state 98
    cast_expression            go to state 99
    multiplicative_expression  go to state 100
    additive_expression        go to state 101
    shift_expression           go to state 102
    relational_expression      go to state 103
    equality_expression        go to state 104
    and_expression             go to state 105
    exclusive_or_expression    go to state 292


State 178

   69 logical_and_expression: logical_and_expression AND_OP • inclusive_or_expression

    SIZEOF                shift, and go to state 74
    INC_OP                shift, and go to state 75
    DEC_OP                shift, and go to state 76
    ALIGNOF               shift, and go to state 77
    IDENTIFIER            shift, and go to state 78
    STRING_LITERAL        shift, and go to state 79
    ENUMERATION_CONSTANT  shift, and go to state 80
    FUNC_NAME             shift, and go to state 81
    GENERIC               shift, and go to state 82
    I_CONSTANT            shift, and go to state 83
    F_CONSTANT            shift, and go to state 84
    '('                   shift, and go to state 85
    '&'                   shift, and go to state 86
    '*'                   shift, and go to state 87
    '+'                   shift, and go to state 88
    '-'                   shift, and go to state 89
    '~'                   shift, and go to state 90
    '!'                   shift, and go to state 91

    primary_expression         go to state 92
    constant                   go to state 93
    string                     go to state 94
    generic_selection          go to state 95
    postfix_expression         go to state 96
    unary_expression           go to state 97
    unary_operator             go to state 98
    cast_expression            go to state 99
    multiplicative_expression  go to state 100
    additive_expression        go to state 101
    shift_expression           go to state 102
    relational_expression      go to state 103
    equality_expression        go to state 104
    and_expression             go to state 105
    exclusive_or_expression    go to state 106
    inclusive_or_expression    go to state 293


State 179

   71 logical_or_expression: logical_or_expression OR_OP • logical_and_expression

    SIZEOF                shift, and go to state 74
    INC_OP                shift, and go to state 75
    DEC_OP                shift, and go to state 76
    ALIGNOF               shift, and go to state 77
    IDENTIFIER            shift, and go to state 78
    STRING_LITERAL        shift, and go to state 79
    ENUMERATION_CONSTANT  shift, and go to state 80
    FUNC_NAME             shift, and go to state 81
    GENERIC               shift, and go to state 82
    I_CONSTANT            shift, and go to state 83
    F_CONSTANT            shift, and go to state 84
    '('                   shift, and go to state 85
    '&'                   shift, and go to state 86
    '*'                   shift, and go to state 87
    '+'                   shift, and go to state 88
    '-'                   shift, and go to state 89
    '~'                   shift, and go to state 90
    '!'                   shift, and go to state 91

    primary_expression         go to state 92
    constant                   go to state 93
    string                     go to state 94
    generic_selection          go to state 95
    postfix_expression         go to state 96
    unary_expression           go to state 97
    unary_operator             go to state 98
    cast_expression            go to state 99
    multiplicative_expression  go to state 100
    additive_expression        go to state 101
    shift_expression           go to state 102
    relational_expression      go to state 103
    equality_expression        go to state 104
    and_expression             go to state 105
    exclusive_or_expression    go to state 106
    inclusive_or_expression    go to state 107
    logical_and_expression     go to state 294


State 180

   73 conditional_expression: logical_or_expression '?' • expression ':' conditional_expression

    SIZEOF                shift, and go to state 74
    INC_OP                shift, and go to state 75
    DEC_OP                shift, and go to state 76
    ALIGNOF               shift, and go to state 77
    IDENTIFIER            shift, and go to state 78
    STRING_LITERAL        shift, and go to state 79
    ENUMERATION_CONSTANT  shift, and go to state 80
    FUNC_NAME             shift, and go to state 81
    GENERIC               shift, and go to state 82
    I_CONSTANT            shift, and go to state 83
    F_CONSTANT            shift, and go to state 84
    '('                   shift, and go to state 85
    '&'                   shift, and go to state 86
    '*'                   shift, and go to state 87
    '+'                   shift, and go to state 88
    '-'                   shift, and go to state 89
    '~'                   shift, and go to state 90
    '!'                   shift, and go to state 91

    primary_expression         go to state 92
    constant                   go to state 93
    string                     go to state 94
    generic_selection          go to state 95
    postfix_expression         go to state 96
    unary_expression           go to state 150
    unary_operator             go to state 98
    cast_expression            go to state 99
    multiplicative_expression  go to state 100
    additive_expression        go to state 101
    shift_expression           go to state 102
    relational_expression      go to state 103
    equality_expression        go to state 104
    and_expression             go to state 105
    exclusive_or_expression    go to state 106
    inclusive_or_expression    go to state 107
    logical_and_expression     go to state 108
    logical_or_expression      go to state 109
    conditional_expression     go to state 151
    assignment_expression      go to state 152
    expression                 go to state 295


State 181

  165 alignment_specifier: ALIGNAS '(' constant_expression ')' •

    $default  reduce using rule 165 (alignment_specifier)


State 182

  139 specifier_qualifier_list: type_specifier specifier_qualifier_list •

    $default  reduce using rule 139 (specifier_qualifier_list)


State 183

  202 direct_abstract_declarator: '(' • abstract_declarator ')'
  219                           | '(' • ')'
  220                           | '(' • parameter_type_list ')'

    TYPEDEF_NAME  shift, and go to state 1
    TYPEDEF       shift, and go to state 2
    EXTERN        shift, and go to state 3
    STATIC        shift, and go to state 4
    AUTO          shift, and go to state 5
    REGISTER      shift, and go to state 6
    INLINE        shift, and go to state 7
    CONST         shift, and go to state 8
    RESTRICT      shift, and go to state 9
    VOLATILE      shift, and go to state 10
    CHAR          shift, and go to state 11
    SHORT         shift, and go to state 12
    LONG          shift, and go to state 13
    SIGNED        shift, and go to state 14
    UNSIGNED      shift, and go to state 15
    VOID          shift, and go to state 16
    COMPLEX       shift, and go to state 17
    IMAGINARY     shift, and go to state 18
    STRUCT        shift, and go to state 19
    UNION         shift, and go to state 20
    ENUM          shift, and go to state 21
    ALIGNAS       shift, and go to state 22
    ATOMIC        shift, and go to state 23
    NORETURN      shift, and go to state 24
    THREAD_LOCAL  shift, and go to state 26
    INT           shift, and go to state 27
    FLOAT         shift, and go to state 28
    DOUBLE        shift, and go to state 29
    BOOL          shift, and go to state 30
    '('           shift, and go to state 183
    ')'           shift, and go to state 296
    '['           shift, and go to state 184
    '*'           shift, and go to state 53

    declaration_specifiers      go to state 229
    storage_class_specifier     go to state 33
    type_specifier              go to state 34
    struct_or_union_specifier   go to state 35
    struct_or_union             go to state 36
    enum_specifier              go to state 37
    atomic_type_specifier       go to state 38
    type_qualifier              go to state 39
    function_specifier          go to state 40
    alignment_specifier         go to state 41
    pointer                     go to state 185
    parameter_type_list         go to state 297
    parameter_list              go to state 231
    parameter_declaration       go to state 232
    abstract_declarator         go to state 298
    direct_abstract_declarator  go to state 187


State 184

  203 direct_abstract_declarator: '[' • ']'
  204                           | '[' • '*' ']'
  205                           | '[' • STATIC type_qualifier_list assignment_expression ']'
  206                           | '[' • STATIC assignment_expression ']'
  207                           | '[' • type_qualifier_list STATIC assignment_expression ']'
  208                           | '[' • type_qualifier_list assignment_expression ']'
  209                           | '[' • type_qualifier_list ']'
  210                           | '[' • assignment_expression ']'

    SIZEOF                shift, and go to state 74
    INC_OP                shift, and go to state 75
    DEC_OP                shift, and go to state 76
    STATIC                shift, and go to state 299
    CONST                 shift, and go to state 8
    RESTRICT              shift, and go to state 9
    VOLATILE              shift, and go to state 10
    ALIGNOF               shift, and go to state 77
    ATOMIC                shift, and go to state 119
    IDENTIFIER            shift, and go to state 78
    STRING_LITERAL        shift, and go to state 79
    ENUMERATION_CONSTANT  shift, and go to state 80
    FUNC_NAME             shift, and go to state 81
    GENERIC               shift, and go to state 82
    I_CONSTANT            shift, and go to state 83
    F_CONSTANT            shift, and go to state 84
    '('                   shift, and go to state 85
    ']'                   shift, and go to state 300
    '&'                   shift, and go to state 86
    '*'                   shift, and go to state 301
    '+'                   shift, and go to state 88
    '-'                   shift, and go to state 89
    '~'                   shift, and go to state 90
    '!'                   shift, and go to state 91

    primary_expression         go to state 92
    constant                   go to state 93
    string                     go to state 94
    generic_selection          go to state 95
    postfix_expression         go to state 96
    unary_expression           go to state 150
    unary_operator             go to state 98
    cast_expression            go to state 99
    multiplicative_expression  go to state 100
    additive_expression        go to state 101
    shift_expression           go to state 102
    relational_expression      go to state 103
    equality_expression        go to state 104
    and_expression             go to state 105
    exclusive_or_expression    go to state 106
    inclusive_or_expression    go to state 107
    logical_and_expression     go to state 108
    logical_or_expression      go to state 109
    conditional_expression     go to state 151
    assignment_expression      go to state 302
    type_qualifier             go to state 120
    type_qualifier_list        go to state 303


State 185

  199 abstract_declarator: pointer • direct_abstract_declarator
  200                    | pointer •

    '('  shift, and go to state 183
    '['  shift, and go to state 184

    $default  reduce using rule 200 (abstract_declarator)

    direct_abstract_declarator  go to state 304


State 186

  197 type_name: specifier_qualifier_list abstract_declarator •

    $default  reduce using rule 197 (type_name)


State 187

  201 abstract_declarator: direct_abstract_declarator •
  211 direct_abstract_declarator: direct_abstract_declarator • '[' ']'
  212                           | direct_abstract_declarator • '[' '*' ']'
  213                           | direct_abstract_declarator • '[' STATIC type_qualifier_list assignment_expression ']'
  214                           | direct_abstract_declarator • '[' STATIC assignment_expression ']'
  215                           | direct_abstract_declarator • '[' type_qualifier_list assignment_expression ']'
  216                           | direct_abstract_declarator • '[' type_qualifier_list STATIC assignment_expression ']'
  217                           | direct_abstract_declarator • '[' type_qualifier_list ']'
  218                           | direct_abstract_declarator • '[' assignment_expression ']'
  221                           | direct_abstract_declarator • '(' ')'
  222                           | direct_abstract_declarator • '(' parameter_type_list ')'

    '('  shift, and go to state 305
    '['  shift, and go to state 306

    $default  reduce using rule 201 (abstract_declarator)


State 188

  141 specifier_qualifier_list: type_qualifier specifier_qualifier_list •

    $default  reduce using rule 141 (specifier_qualifier_list)


State 189

  164 alignment_specifier: ALIGNAS '(' type_name ')' •

    $default  reduce using rule 164 (alignment_specifier)


State 190

  157 atomic_type_specifier: ATOMIC '(' type_name ')' •

    $default  reduce using rule 157 (atomic_type_specifier)


State 191

  227 static_assert_declaration: STATIC_ASSERT '(' constant_expression ',' • STRING_LITERAL ')' ';'

    STRING_LITERAL  shift, and go to state 307


State 192

  169 direct_declarator: '(' declarator ')' •

    $default  reduce using rule 169 (direct_declarator)


State 193

  187 type_qualifier_list: type_qualifier_list type_qualifier •

    $default  reduce using rule 187 (type_qualifier_list)


State 194

  182 pointer: '*' type_qualifier_list pointer •

    $default  reduce using rule 182 (pointer)


State 195

  104 init_declarator_list: init_declarator_list ',' init_declarator •

    $default  reduce using rule 104 (init_declarator_list)


State 196

  105 init_declarator: declarator • '=' initializer
  106                | declarator •

    '='  shift, and go to state 126

    $default  reduce using rule 106 (init_declarator)


State 197

  235 labeled_statement: CASE • constant_expression ':' statement

    SIZEOF                shift, and go to state 74
    INC_OP                shift, and go to state 75
    DEC_OP                shift, and go to state 76
    ALIGNOF               shift, and go to state 77
    IDENTIFIER            shift, and go to state 78
    STRING_LITERAL        shift, and go to state 79
    ENUMERATION_CONSTANT  shift, and go to state 80
    FUNC_NAME             shift, and go to state 81
    GENERIC               shift, and go to state 82
    I_CONSTANT            shift, and go to state 83
    F_CONSTANT            shift, and go to state 84
    '('                   shift, and go to state 85
    '&'                   shift, and go to state 86
    '*'                   shift, and go to state 87
    '+'                   shift, and go to state 88
    '-'                   shift, and go to state 89
    '~'                   shift, and go to state 90
    '!'                   shift, and go to state 91

    primary_expression         go to state 92
    constant                   go to state 93
    string                     go to state 94
    generic_selection          go to state 95
    postfix_expression         go to state 96
    unary_expression           go to state 97
    unary_operator             go to state 98
    cast_expression            go to state 99
    multiplicative_expression  go to state 100
    additive_expression        go to state 101
    shift_expression           go to state 102
    relational_expression      go to state 103
    equality_expression        go to state 104
    and_expression             go to state 105
    exclusive_or_expression    go to state 106
    inclusive_or_expression    go to state 107
    logical_and_expression     go to state 108
    logical_or_expression      go to state 109
    conditional_expression     go to state 110
    constant_expression        go to state 308


State 198

  236 labeled_statement: DEFAULT • ':' statement

    ':'  shift, and go to state 309


State 199

  245 selection_statement: IF • '(' expression ')' statement ELSE statement
  246                    | IF • '(' expression ')' statement
  247                    | IF • expression compound_statement ELSE compound_statement
  248                    | IF • expression compound_statement

    SIZEOF                shift, and go to state 74
    INC_OP                shift, and go to state 75
    DEC_OP                shift, and go to state 76
    ALIGNOF               shift, and go to state 77
    IDENTIFIER            shift, and go to state 78
    STRING_LITERAL        shift, and go to state 79
    ENUMERATION_CONSTANT  shift, and go to state 80
    FUNC_NAME             shift, and go to state 81
    GENERIC               shift, and go to state 82
    I_CONSTANT            shift, and go to state 83
    F_CONSTANT            shift, and go to state 84
    '('                   shift, and go to state 310
    '&'                   shift, and go to state 86
    '*'                   shift, and go to state 87
    '+'                   shift, and go to state 88
    '-'                   shift, and go to state 89
    '~'                   shift, and go to state 90
    '!'                   shift, and go to state 91

    primary_expression         go to state 92
    constant                   go to state 93
    string                     go to state 94
    generic_selection          go to state 95
    postfix_expression         go to state 96
    unary_expression           go to state 150
    unary_operator             go to state 98
    cast_expression            go to state 99
    multiplicative_expression  go to state 100
    additive_expression        go to state 101
    shift_expression           go to state 102
    relational_expression      go to state 103
    equality_expression        go to state 104
    and_expression             go to state 105
    exclusive_or_expression    go to state 106
    inclusive_or_expression    go to state 107
    logical_and_expression     go to state 108
    logical_or_expression      go to state 109
    conditional_expression     go to state 151
    assignment_expression      go to state 152
    expression                 go to state 311


State 200

  249 selection_statement: SWITCH • '(' expression ')' statement
  250                    | SWITCH • expression compound_statement

    SIZEOF                shift, and go to state 74
    INC_OP                shift, and go to state 75
    DEC_OP                shift, and go to state 76
    ALIGNOF               shift, and go to state 77
    IDENTIFIER            shift, and go to state 78
    STRING_LITERAL        shift, and go to state 79
    ENUMERATION_CONSTANT  shift, and go to state 80
    FUNC_NAME             shift, and go to state 81
    GENERIC               shift, and go to state 82
    I_CONSTANT            shift, and go to state 83
    F_CONSTANT            shift, and go to state 84
    '('                   shift, and go to state 312
    '&'                   shift, and go to state 86
    '*'                   shift, and go to state 87
    '+'                   shift, and go to state 88
    '-'                   shift, and go to state 89
    '~'                   shift, and go to state 90
    '!'                   shift, and go to state 91

    primary_expression         go to state 92
    constant                   go to state 93
    string                     go to state 94
    generic_selection          go to state 95
    postfix_expression         go to state 96
    unary_expression           go to state 150
    unary_operator             go to state 98
    cast_expression            go to state 99
    multiplicative_expression  go to state 100
    additive_expression        go to state 101
    shift_expression           go to state 102
    relational_expression      go to state 103
    equality_expression        go to state 104
    and_expression             go to state 105
    exclusive_or_expression    go to state 106
    inclusive_or_expression    go to state 107
    logical_and_expression     go to state 108
    logical_or_expression      go to state 109
    conditional_expression     go to state 151
    assignment_expression      go to state 152
    expression                 go to state 313


State 201

  251 iteration_statement: WHILE • '(' expression ')' statement
  252                    | WHILE • expression compound_statement

    SIZEOF                shift, and go to state 74
    INC_OP                shift, and go to state 75
    DEC_OP                shift, and go to state 76
    ALIGNOF               shift, and go to state 77
    IDENTIFIER            shift, and go to state 78
    STRING_LITERAL        shift, and go to state 79
    ENUMERATION_CONSTANT  shift, and go to state 80
    FUNC_NAME             shift, and go to state 81
    GENERIC               shift, and go to state 82
    I_CONSTANT            shift, and go to state 83
    F_CONSTANT            shift, and go to state 84
    '('                   shift, and go to state 314
    '&'                   shift, and go to state 86
    '*'                   shift, and go to state 87
    '+'                   shift, and go to state 88
    '-'                   shift, and go to state 89
    '~'                   shift, and go to state 90
    '!'                   shift, and go to state 91

    primary_expression         go to state 92
    constant                   go to state 93
    string                     go to state 94
    generic_selection          go to state 95
    postfix_expression         go to state 96
    unary_expression           go to state 150
    unary_operator             go to state 98
    cast_expression            go to state 99
    multiplicative_expression  go to state 100
    additive_expression        go to state 101
    shift_expression           go to state 102
    relational_expression      go to state 103
    equality_expression        go to state 104
    and_expression             go to state 105
    exclusive_or_expression    go to state 106
    inclusive_or_expression    go to state 107
    logical_and_expression     go to state 108
    logical_or_expression      go to state 109
    conditional_expression     go to state 151
    assignment_expression      go to state 152
    expression                 go to state 315


State 202

  253 iteration_statement: DO • statement WHILE '(' expression ')' ';'

    SIZEOF                shift, and go to state 74
    INC_OP                shift, and go to state 75
    DEC_OP                shift, and go to state 76
    CASE                  shift, and go to state 197
    DEFAULT               shift, and go to state 198
    IF                    shift, and go to state 199
    SWITCH                shift, and go to state 200
    WHILE                 shift, and go to state 201
    DO                    shift, and go to state 202
    FOR                   shift, and go to state 203
    GOTO                  shift, and go to state 204
    CONTINUE              shift, and go to state 205
    BREAK                 shift, and go to state 206
    RETURN                shift, and go to state 207
    ALIGNOF               shift, and go to state 77
    IDENTIFIER            shift, and go to state 208
    STRING_LITERAL        shift, and go to state 79
    ENUMERATION_CONSTANT  shift, and go to state 80
    FUNC_NAME             shift, and go to state 81
    GENERIC               shift, and go to state 82
    I_CONSTANT            shift, and go to state 83
    F_CONSTANT            shift, and go to state 84
    '('                   shift, and go to state 85
    '{'                   shift, and go to state 125
    '&'                   shift, and go to state 86
    '*'                   shift, and go to state 87
    '+'                   shift, and go to state 88
    '-'                   shift, and go to state 89
    '~'                   shift, and go to state 90
    '!'                   shift, and go to state 91
    ';'                   shift, and go to state 210

    primary_expression         go to state 92
    constant                   go to state 93
    string                     go to state 94
    generic_selection          go to state 95
    postfix_expression         go to state 96
    unary_expression           go to state 150
    unary_operator             go to state 98
    cast_expression            go to state 99
    multiplicative_expression  go to state 100
    additive_expression        go to state 101
    shift_expression           go to state 102
    relational_expression      go to state 103
    equality_expression        go to state 104
    and_expression             go to state 105
    exclusive_or_expression    go to state 106
    inclusive_or_expression    go to state 107
    logical_and_expression     go to state 108
    logical_or_expression      go to state 109
    conditional_expression     go to state 151
    assignment_expression      go to state 152
    expression                 go to state 211
    statement                  go to state 316
    labeled_statement          go to state 214
    compound_statement         go to state 215
    expression_statement       go to state 218
    selection_statement        go to state 219
    iteration_statement        go to state 220
    jump_statement             go to state 221


State 203

  254 iteration_statement: FOR • expression_statement expression_statement compound_statement
  255                    | FOR • expression_statement expression_statement expression_statement compound_statement
  256                    | FOR • declaration expression_statement expression compound_statement
  257                    | FOR • declaration expression_statement compound_statement
  258                    | FOR • '(' expression_statement expression_statement ')' statement
  259                    | FOR • '(' expression_statement expression_statement expression ')' statement
  260                    | FOR • '(' declaration expression_statement ')' statement
  261                    | FOR • '(' declaration expression_statement expression ')' statement

    SIZEOF                shift, and go to state 74
    INC_OP                shift, and go to state 75
    DEC_OP                shift, and go to state 76
    TYPEDEF_NAME          shift, and go to state 1
    TYPEDEF               shift, and go to state 2
    EXTERN                shift, and go to state 3
    STATIC                shift, and go to state 4
    AUTO                  shift, and go to state 5
    REGISTER              shift, and go to state 6
    INLINE                shift, and go to state 7
    CONST                 shift, and go to state 8
    RESTRICT              shift, and go to state 9
    VOLATILE              shift, and go to state 10
    CHAR                  shift, and go to state 11
    SHORT                 shift, and go to state 12
    LONG                  shift, and go to state 13
    SIGNED                shift, and go to state 14
    UNSIGNED              shift, and go to state 15
    VOID                  shift, and go to state 16
    COMPLEX               shift, and go to state 17
    IMAGINARY             shift, and go to state 18
    STRUCT                shift, and go to state 19
    UNION                 shift, and go to state 20
    ENUM                  shift, and go to state 21
    ALIGNAS               shift, and go to state 22
    ALIGNOF               shift, and go to state 77
    ATOMIC                shift, and go to state 23
    NORETURN              shift, and go to state 24
    STATIC_ASSERT         shift, and go to state 25
    THREAD_LOCAL          shift, and go to state 26
    INT                   shift, and go to state 27
    FLOAT                 shift, and go to state 28
    IDENTIFIER            shift, and go to state 78
    STRING_LITERAL        shift, and go to state 79
    ENUMERATION_CONSTANT  shift, and go to state 80
    FUNC_NAME             shift, and go to state 81
    GENERIC               shift, and go to state 82
    I_CONSTANT            shift, and go to state 83
    F_CONSTANT            shift, and go to state 84
    DOUBLE                shift, and go to state 29
    BOOL                  shift, and go to state 30
    '('                   shift, and go to state 317
    '&'                   shift, and go to state 86
    '*'                   shift, and go to state 87
    '+'                   shift, and go to state 88
    '-'                   shift, and go to state 89
    '~'                   shift, and go to state 90
    '!'                   shift, and go to state 91
    ';'                   shift, and go to state 210

    primary_expression         go to state 92
    constant                   go to state 93
    string                     go to state 94
    generic_selection          go to state 95
    postfix_expression         go to state 96
    unary_expression           go to state 150
    unary_operator             go to state 98
    cast_expression            go to state 99
    multiplicative_expression  go to state 100
    additive_expression        go to state 101
    shift_expression           go to state 102
    relational_expression      go to state 103
    equality_expression        go to state 104
    and_expression             go to state 105
    exclusive_or_expression    go to state 106
    inclusive_or_expression    go to state 107
    logical_and_expression     go to state 108
    logical_or_expression      go to state 109
    conditional_expression     go to state 151
    assignment_expression      go to state 152
    expression                 go to state 211
    declaration                go to state 318
    declaration_specifiers     go to state 128
    storage_class_specifier    go to state 33
    type_specifier             go to state 34
    struct_or_union_specifier  go to state 35
    struct_or_union            go to state 36
    enum_specifier             go to state 37
    atomic_type_specifier      go to state 38
    type_qualifier             go to state 39
    function_specifier         go to state 40
    alignment_specifier        go to state 41
    static_assert_declaration  go to state 42
    expression_statement       go to state 319


State 204

  262 jump_statement: GOTO • IDENTIFIER ';'

    IDENTIFIER  shift, and go to state 320


State 205

  263 jump_statement: CONTINUE • ';'

    ';'  shift, and go to state 321


State 206

  264 jump_statement: BREAK • ';'

    ';'  shift, and go to state 322


State 207

  265 jump_statement: RETURN • ';'
  266               | RETURN • expression ';'

    SIZEOF                shift, and go to state 74
    INC_OP                shift, and go to state 75
    DEC_OP                shift, and go to state 76
    ALIGNOF               shift, and go to state 77
    IDENTIFIER            shift, and go to state 78
    STRING_LITERAL        shift, and go to state 79
    ENUMERATION_CONSTANT  shift, and go to state 80
    FUNC_NAME             shift, and go to state 81
    GENERIC               shift, and go to state 82
    I_CONSTANT            shift, and go to state 83
    F_CONSTANT            shift, and go to state 84
    '('                   shift, and go to state 85
    '&'                   shift, and go to state 86
    '*'                   shift, and go to state 87
    '+'                   shift, and go to state 88
    '-'                   shift, and go to state 89
    '~'                   shift, and go to state 90
    '!'                   shift, and go to state 91
    ';'                   shift, and go to state 323

    primary_expression         go to state 92
    constant                   go to state 93
    string                     go to state 94
    generic_selection          go to state 95
    postfix_expression         go to state 96
    unary_expression           go to state 150
    unary_operator             go to state 98
    cast_expression            go to state 99
    multiplicative_expression  go to state 100
    additive_expression        go to state 101
    shift_expression           go to state 102
    relational_expression      go to state 103
    equality_expression        go to state 104
    and_expression             go to state 105
    exclusive_or_expression    go to state 106
    inclusive_or_expression    go to state 107
    logical_and_expression     go to state 108
    logical_or_expression      go to state 109
    conditional_expression     go to state 151
    assignment_expression      go to state 152
    expression                 go to state 324


State 208

    1 primary_expression: IDENTIFIER •
  234 labeled_statement: IDENTIFIER • ':' statement

    ':'  shift, and go to state 325

    $default  reduce using rule 1 (primary_expression)


State 209

  237 compound_statement: '{' '}' •

    $default  reduce using rule 237 (compound_statement)


State 210

  243 expression_statement: ';' •

    $default  reduce using rule 243 (expression_statement)


State 211

   88 expression: expression • ',' assignment_expression
  244 expression_statement: expression • ';'

    ','  shift, and go to state 269
    ';'  shift, and go to state 326


State 212

  241 block_item: declaration •

    $default  reduce using rule 241 (block_item)


State 213

  242 block_item: statement •

    $default  reduce using rule 242 (block_item)


State 214

  228 statement: labeled_statement •

    $default  reduce using rule 228 (statement)


State 215

  229 statement: compound_statement •

    $default  reduce using rule 229 (statement)


State 216

  238 compound_statement: '{' block_item_list • '}'
  240 block_item_list: block_item_list • block_item

    SIZEOF                shift, and go to state 74
    INC_OP                shift, and go to state 75
    DEC_OP                shift, and go to state 76
    TYPEDEF_NAME          shift, and go to state 1
    TYPEDEF               shift, and go to state 2
    EXTERN                shift, and go to state 3
    STATIC                shift, and go to state 4
    AUTO                  shift, and go to state 5
    REGISTER              shift, and go to state 6
    INLINE                shift, and go to state 7
    CONST                 shift, and go to state 8
    RESTRICT              shift, and go to state 9
    VOLATILE              shift, and go to state 10
    CHAR                  shift, and go to state 11
    SHORT                 shift, and go to state 12
    LONG                  shift, and go to state 13
    SIGNED                shift, and go to state 14
    UNSIGNED              shift, and go to state 15
    VOID                  shift, and go to state 16
    COMPLEX               shift, and go to state 17
    IMAGINARY             shift, and go to state 18
    STRUCT                shift, and go to state 19
    UNION                 shift, and go to state 20
    ENUM                  shift, and go to state 21
    CASE                  shift, and go to state 197
    DEFAULT               shift, and go to state 198
    IF                    shift, and go to state 199
    SWITCH                shift, and go to state 200
    WHILE                 shift, and go to state 201
    DO                    shift, and go to state 202
    FOR                   shift, and go to state 203
    GOTO                  shift, and go to state 204
    CONTINUE              shift, and go to state 205
    BREAK                 shift, and go to state 206
    RETURN                shift, and go to state 207
    ALIGNAS               shift, and go to state 22
    ALIGNOF               shift, and go to state 77
    ATOMIC                shift, and go to state 23
    NORETURN              shift, and go to state 24
    STATIC_ASSERT         shift, and go to state 25
    THREAD_LOCAL          shift, and go to state 26
    INT                   shift, and go to state 27
    FLOAT                 shift, and go to state 28
    IDENTIFIER            shift, and go to state 208
    STRING_LITERAL        shift, and go to state 79
    ENUMERATION_CONSTANT  shift, and go to state 80
    FUNC_NAME             shift, and go to state 81
    GENERIC               shift, and go to state 82
    I_CONSTANT            shift, and go to state 83
    F_CONSTANT            shift, and go to state 84
    DOUBLE                shift, and go to state 29
    BOOL                  shift, and go to state 30
    '('                   shift, and go to state 85
    '{'                   shift, and go to state 125
    '}'                   shift, and go to state 327
    '&'                   shift, and go to state 86
    '*'                   shift, and go to state 87
    '+'                   shift, and go to state 88
    '-'                   shift, and go to state 89
    '~'                   shift, and go to state 90
    '!'                   shift, and go to state 91
    ';'                   shift, and go to state 210

    primary_expression         go to state 92
    constant                   go to state 93
    string                     go to state 94
    generic_selection          go to state 95
    postfix_expression         go to state 96
    unary_expression           go to state 150
    unary_operator             go to state 98
    cast_expression            go to state 99
    multiplicative_expression  go to state 100
    additive_expression        go to state 101
    shift_expression           go to state 102
    relational_expression      go to state 103
    equality_expression        go to state 104
    and_expression             go to state 105
    exclusive_or_expression    go to state 106
    inclusive_or_expression    go to state 107
    logical_and_expression     go to state 108
    logical_or_expression      go to state 109
    conditional_expression     go to state 151
    assignment_expression      go to state 152
    expression                 go to state 211
    declaration                go to state 212
    declaration_specifiers     go to state 128
    storage_class_specifier    go to state 33
    type_specifier             go to state 34
    struct_or_union_specifier  go to state 35
    struct_or_union            go to state 36
    enum_specifier             go to state 37
    atomic_type_specifier      go to state 38
    type_qualifier             go to state 39
    function_specifier         go to state 40
    alignment_specifier        go to state 41
    static_assert_declaration  go to state 42
    statement                  go to state 213
    labeled_statement          go to state 214
    compound_statement         go to state 215
    block_item                 go to state 328
    expression_statement       go to state 218
    selection_statement        go to state 219
    iteration_statement        go to state 220
    jump_statement             go to state 221


State 217

  239 block_item_list: block_item •

    $default  reduce using rule 239 (block_item_list)


State 218

  230 statement: expression_statement •

    $default  reduce using rule 230 (statement)


State 219

  231 statement: selection_statement •

    $default  reduce using rule 231 (statement)


State 220

  232 statement: iteration_statement •

    $default  reduce using rule 232 (statement)


State 221

  233 statement: jump_statement •

    $default  reduce using rule 233 (statement)


State 222

  223 initializer: '{' • initializer_list '}'
  224            | '{' • initializer_list ',' '}'

    SIZEOF                shift, and go to state 74
    INC_OP                shift, and go to state 75
    DEC_OP                shift, and go to state 76
    ALIGNOF               shift, and go to state 77
    IDENTIFIER            shift, and go to state 78
    STRING_LITERAL        shift, and go to state 79
    ENUMERATION_CONSTANT  shift, and go to state 80
    FUNC_NAME             shift, and go to state 81
    GENERIC               shift, and go to state 82
    I_CONSTANT            shift, and go to state 83
    F_CONSTANT            shift, and go to state 84
    '('                   shift, and go to state 85
    '{'                   shift, and go to state 222
    '&'                   shift, and go to state 86
    '*'                   shift, and go to state 87
    '+'                   shift, and go to state 88
    '-'                   shift, and go to state 89
    '~'                   shift, and go to state 90
    '!'                   shift, and go to state 91

    primary_expression         go to state 92
    constant                   go to state 93
    string                     go to state 94
    generic_selection          go to state 95
    postfix_expression         go to state 96
    unary_expression           go to state 150
    unary_operator             go to state 98
    cast_expression            go to state 99
    multiplicative_expression  go to state 100
    additive_expression        go to state 101
    shift_expression           go to state 102
    relational_expression      go to state 103
    equality_expression        go to state 104
    and_expression             go to state 105
    exclusive_or_expression    go to state 106
    inclusive_or_expression    go to state 107
    logical_and_expression     go to state 108
    logical_or_expression      go to state 109
    conditional_expression     go to state 151
    assignment_expression      go to state 223
    initializer                go to state 329
    initializer_list           go to state 330


State 223

  225 initializer: assignment_expression •

    $default  reduce using rule 225 (initializer)


State 224

  105 init_declarator: declarator '=' initializer •

    $default  reduce using rule 105 (init_declarator)


State 225

  274 declaration_list: declaration_list declaration •

    $default  reduce using rule 274 (declaration_list)


State 226

  271 function_definition: declaration_specifiers declarator declaration_list compound_statement •

    $default  reduce using rule 271 (function_definition)


State 227

  195 identifier_list: IDENTIFIER •

    $default  reduce using rule 195 (identifier_list)


State 228

  180 direct_declarator: direct_declarator '(' ')' •

    $default  reduce using rule 180 (direct_declarator)


State 229

  192 parameter_declaration: declaration_specifiers • declarator
  193                      | declaration_specifiers • abstract_declarator
  194                      | declaration_specifiers •

    IDENTIFIER  shift, and go to state 51
    '('         shift, and go to state 331
    '['         shift, and go to state 184
    '*'         shift, and go to state 53

    $default  reduce using rule 194 (parameter_declaration)

    declarator                  go to state 332
    direct_declarator           go to state 58
    pointer                     go to state 333
    abstract_declarator         go to state 334
    direct_abstract_declarator  go to state 187


State 230

  179 direct_declarator: direct_declarator '(' parameter_type_list • ')'

    ')'  shift, and go to state 335


State 231

  188 parameter_type_list: parameter_list • ',' ELLIPSIS
  189                    | parameter_list •
  191 parameter_list: parameter_list • ',' parameter_declaration

    ','  shift, and go to state 336

    $default  reduce using rule 189 (parameter_type_list)


State 232

  190 parameter_list: parameter_declaration •

    $default  reduce using rule 190 (parameter_list)


State 233

  181 direct_declarator: direct_declarator '(' identifier_list • ')'
  196 identifier_list: identifier_list • ',' IDENTIFIER

    ')'  shift, and go to state 337
    ','  shift, and go to state 338


State 234

  172 direct_declarator: direct_declarator '[' STATIC • type_qualifier_list assignment_expression ']'
  173                  | direct_declarator '[' STATIC • assignment_expression ']'

    SIZEOF                shift, and go to state 74
    INC_OP                shift, and go to state 75
    DEC_OP                shift, and go to state 76
    CONST                 shift, and go to state 8
    RESTRICT              shift, and go to state 9
    VOLATILE              shift, and go to state 10
    ALIGNOF               shift, and go to state 77
    ATOMIC                shift, and go to state 119
    IDENTIFIER            shift, and go to state 78
    STRING_LITERAL        shift, and go to state 79
    ENUMERATION_CONSTANT  shift, and go to state 80
    FUNC_NAME             shift, and go to state 81
    GENERIC               shift, and go to state 82
    I_CONSTANT            shift, and go to state 83
    F_CONSTANT            shift, and go to state 84
    '('                   shift, and go to state 85
    '&'                   shift, and go to state 86
    '*'                   shift, and go to state 87
    '+'                   shift, and go to state 88
    '-'                   shift, and go to state 89
    '~'                   shift, and go to state 90
    '!'                   shift, and go to state 91

    primary_expression         go to state 92
    constant                   go to state 93
    string                     go to state 94
    generic_selection          go to state 95
    postfix_expression         go to state 96
    unary_expression           go to state 150
    unary_operator             go to state 98
    cast_expression            go to state 99
    multiplicative_expression  go to state 100
    additive_expression        go to state 101
    shift_expression           go to state 102
    relational_expression      go to state 103
    equality_expression        go to state 104
    and_expression             go to state 105
    exclusive_or_expression    go to state 106
    inclusive_or_expression    go to state 107
    logical_and_expression     go to state 108
    logical_or_expression      go to state 109
    conditional_expression     go to state 151
    assignment_expression      go to state 339
    type_qualifier             go to state 120
    type_qualifier_list        go to state 340


State 235

  170 direct_declarator: direct_declarator '[' ']' •

    $default  reduce using rule 170 (direct_declarator)


State 236

   37 unary_operator: '*' •
  171 direct_declarator: direct_declarator '[' '*' • ']'

    ']'  shift, and go to state 341

    $default  reduce using rule 37 (unary_operator)


State 237

  178 direct_declarator: direct_declarator '[' assignment_expression • ']'

    ']'  shift, and go to state 342


State 238

  174 direct_declarator: direct_declarator '[' type_qualifier_list • '*' ']'
  175                  | direct_declarator '[' type_qualifier_list • STATIC assignment_expression ']'
  176                  | direct_declarator '[' type_qualifier_list • assignment_expression ']'
  177                  | direct_declarator '[' type_qualifier_list • ']'
  187 type_qualifier_list: type_qualifier_list • type_qualifier

    SIZEOF                shift, and go to state 74
    INC_OP                shift, and go to state 75
    DEC_OP                shift, and go to state 76
    STATIC                shift, and go to state 343
    CONST                 shift, and go to state 8
    RESTRICT              shift, and go to state 9
    VOLATILE              shift, and go to state 10
    ALIGNOF               shift, and go to state 77
    ATOMIC                shift, and go to state 119
    IDENTIFIER            shift, and go to state 78
    STRING_LITERAL        shift, and go to state 79
    ENUMERATION_CONSTANT  shift, and go to state 80
    FUNC_NAME             shift, and go to state 81
    GENERIC               shift, and go to state 82
    I_CONSTANT            shift, and go to state 83
    F_CONSTANT            shift, and go to state 84
    '('                   shift, and go to state 85
    ']'                   shift, and go to state 344
    '&'                   shift, and go to state 86
    '*'                   shift, and go to state 345
    '+'                   shift, and go to state 88
    '-'                   shift, and go to state 89
    '~'                   shift, and go to state 90
    '!'                   shift, and go to state 91

    primary_expression         go to state 92
    constant                   go to state 93
    string                     go to state 94
    generic_selection          go to state 95
    postfix_expression         go to state 96
    unary_expression           go to state 150
    unary_operator             go to state 98
    cast_expression            go to state 99
    multiplicative_expression  go to state 100
    additive_expression        go to state 101
    shift_expression           go to state 102
    relational_expression      go to state 103
    equality_expression        go to state 104
    and_expression             go to state 105
    exclusive_or_expression    go to state 106
    inclusive_or_expression    go to state 107
    logical_and_expression     go to state 108
    logical_or_expression      go to state 109
    conditional_expression     go to state 151
    assignment_expression      go to state 346
    type_qualifier             go to state 193


State 239

  130 struct_or_union_specifier: struct_or_union IDENTIFIER '{' struct_declaration_list • '}'
  135 struct_declaration_list: struct_declaration_list • struct_declaration

    TYPEDEF_NAME   shift, and go to state 1
    CONST          shift, and go to state 8
    RESTRICT       shift, and go to state 9
    VOLATILE       shift, and go to state 10
    CHAR           shift, and go to state 11
    SHORT          shift, and go to state 12
    LONG           shift, and go to state 13
    SIGNED         shift, and go to state 14
    UNSIGNED       shift, and go to state 15
    VOID           shift, and go to state 16
    COMPLEX        shift, and go to state 17
    IMAGINARY      shift, and go to state 18
    STRUCT         shift, and go to state 19
    UNION          shift, and go to state 20
    ENUM           shift, and go to state 21
    ATOMIC         shift, and go to state 23
    STATIC_ASSERT  shift, and go to state 25
    INT            shift, and go to state 27
    FLOAT          shift, and go to state 28
    DOUBLE         shift, and go to state 29
    BOOL           shift, and go to state 30
    '}'            shift, and go to state 347

    type_specifier             go to state 112
    struct_or_union_specifier  go to state 35
    struct_or_union            go to state 36
    struct_declaration         go to state 241
    specifier_qualifier_list   go to state 137
    enum_specifier             go to state 37
    atomic_type_specifier      go to state 38
    type_qualifier             go to state 114
    static_assert_declaration  go to state 138


State 240

  129 struct_or_union_specifier: struct_or_union '{' struct_declaration_list '}' •

    $default  reduce using rule 129 (struct_or_union_specifier)


State 241

  135 struct_declaration_list: struct_declaration_list struct_declaration •

    $default  reduce using rule 135 (struct_declaration_list)


State 242

  145 struct_declarator: ':' • constant_expression

    SIZEOF                shift, and go to state 74
    INC_OP                shift, and go to state 75
    DEC_OP                shift, and go to state 76
    ALIGNOF               shift, and go to state 77
    IDENTIFIER            shift, and go to state 78
    STRING_LITERAL        shift, and go to state 79
    ENUMERATION_CONSTANT  shift, and go to state 80
    FUNC_NAME             shift, and go to state 81
    GENERIC               shift, and go to state 82
    I_CONSTANT            shift, and go to state 83
    F_CONSTANT            shift, and go to state 84
    '('                   shift, and go to state 85
    '&'                   shift, and go to state 86
    '*'                   shift, and go to state 87
    '+'                   shift, and go to state 88
    '-'                   shift, and go to state 89
    '~'                   shift, and go to state 90
    '!'                   shift, and go to state 91

    primary_expression         go to state 92
    constant                   go to state 93
    string                     go to state 94
    generic_selection          go to state 95
    postfix_expression         go to state 96
    unary_expression           go to state 97
    unary_operator             go to state 98
    cast_expression            go to state 99
    multiplicative_expression  go to state 100
    additive_expression        go to state 101
    shift_expression           go to state 102
    relational_expression      go to state 103
    equality_expression        go to state 104
    and_expression             go to state 105
    exclusive_or_expression    go to state 106
    inclusive_or_expression    go to state 107
    logical_and_expression     go to state 108
    logical_or_expression      go to state 109
    conditional_expression     go to state 110
    constant_expression        go to state 348


State 243

  136 struct_declaration: specifier_qualifier_list ';' •

    $default  reduce using rule 136 (struct_declaration)


State 244

  137 struct_declaration: specifier_qualifier_list struct_declarator_list • ';'
  144 struct_declarator_list: struct_declarator_list • ',' struct_declarator

    ','  shift, and go to state 349
    ';'  shift, and go to state 350


State 245

  143 struct_declarator_list: struct_declarator •

    $default  reduce using rule 143 (struct_declarator_list)


State 246

  146 struct_declarator: declarator • ':' constant_expression
  147                  | declarator •

    ':'  shift, and go to state 351

    $default  reduce using rule 147 (struct_declarator)


State 247

  151 enum_specifier: ENUM IDENTIFIER '{' enumerator_list ',' • '}'
  154 enumerator_list: enumerator_list ',' • enumerator

    IDENTIFIER  shift, and go to state 70
    '}'         shift, and go to state 352

    enumeration_constant  go to state 71
    enumerator            go to state 251


State 248

  150 enum_specifier: ENUM IDENTIFIER '{' enumerator_list '}' •

    $default  reduce using rule 150 (enum_specifier)


State 249

  155 enumerator: enumeration_constant '=' constant_expression •

    $default  reduce using rule 155 (enumerator)


State 250

  149 enum_specifier: ENUM '{' enumerator_list ',' '}' •

    $default  reduce using rule 149 (enum_specifier)


State 251

  154 enumerator_list: enumerator_list ',' enumerator •

    $default  reduce using rule 154 (enumerator_list)


State 252

   25 postfix_expression: '(' type_name • ')' '{' initializer_list '}'
   26                   | '(' type_name • ')' '{' initializer_list ',' '}'
   34 unary_expression: SIZEOF '(' type_name • ')'

    ')'  shift, and go to state 353


State 253

   25 postfix_expression: '(' type_name • ')' '{' initializer_list '}'
   26                   | '(' type_name • ')' '{' initializer_list ',' '}'

    ')'  shift, and go to state 354


State 254

   35 unary_expression: ALIGNOF '(' type_name • ')'

    ')'  shift, and go to state 355


State 255

   12 generic_selection: GENERIC '(' assignment_expression • ',' generic_assoc_list ')'

    ','  shift, and go to state 356


State 256

   77 assignment_operator: MUL_ASSIGN •

    $default  reduce using rule 77 (assignment_operator)


State 257

   78 assignment_operator: DIV_ASSIGN •

    $default  reduce using rule 78 (assignment_operator)


State 258

   79 assignment_operator: MOD_ASSIGN •

    $default  reduce using rule 79 (assignment_operator)


State 259

   80 assignment_operator: ADD_ASSIGN •

    $default  reduce using rule 80 (assignment_operator)


State 260

   81 assignment_operator: SUB_ASSIGN •

    $default  reduce using rule 81 (assignment_operator)


State 261

   82 assignment_operator: LEFT_ASSIGN •

    $default  reduce using rule 82 (assignment_operator)


State 262

   83 assignment_operator: RIGHT_ASSIGN •

    $default  reduce using rule 83 (assignment_operator)


State 263

   84 assignment_operator: AND_ASSIGN •

    $default  reduce using rule 84 (assignment_operator)


State 264

   85 assignment_operator: XOR_ASSIGN •

    $default  reduce using rule 85 (assignment_operator)


State 265

   86 assignment_operator: OR_ASSIGN •

    $default  reduce using rule 86 (assignment_operator)


State 266

   76 assignment_operator: '=' •

    $default  reduce using rule 76 (assignment_operator)


State 267

   75 assignment_expression: unary_expression assignment_operator • assignment_expression

    SIZEOF                shift, and go to state 74
    INC_OP                shift, and go to state 75
    DEC_OP                shift, and go to state 76
    ALIGNOF               shift, and go to state 77
    IDENTIFIER            shift, and go to state 78
    STRING_LITERAL        shift, and go to state 79
    ENUMERATION_CONSTANT  shift, and go to state 80
    FUNC_NAME             shift, and go to state 81
    GENERIC               shift, and go to state 82
    I_CONSTANT            shift, and go to state 83
    F_CONSTANT            shift, and go to state 84
    '('                   shift, and go to state 85
    '&'                   shift, and go to state 86
    '*'                   shift, and go to state 87
    '+'                   shift, and go to state 88
    '-'                   shift, and go to state 89
    '~'                   shift, and go to state 90
    '!'                   shift, and go to state 91

    primary_expression         go to state 92
    constant                   go to state 93
    string                     go to state 94
    generic_selection          go to state 95
    postfix_expression         go to state 96
    unary_expression           go to state 150
    unary_operator             go to state 98
    cast_expression            go to state 99
    multiplicative_expression  go to state 100
    additive_expression        go to state 101
    shift_expression           go to state 102
    relational_expression      go to state 103
    equality_expression        go to state 104
    and_expression             go to state 105
    exclusive_or_expression    go to state 106
    inclusive_or_expression    go to state 107
    logical_and_expression     go to state 108
    logical_or_expression      go to state 109
    conditional_expression     go to state 151
    assignment_expression      go to state 357


State 268

    4 primary_expression: '(' expression ')' •

    $default  reduce using rule 4 (primary_expression)


State 269

   88 expression: expression ',' • assignment_expression

    SIZEOF                shift, and go to state 74
    INC_OP                shift, and go to state 75
    DEC_OP                shift, and go to state 76
    ALIGNOF               shift, and go to state 77
    IDENTIFIER            shift, and go to state 78
    STRING_LITERAL        shift, and go to state 79
    ENUMERATION_CONSTANT  shift, and go to state 80
    FUNC_NAME             shift, and go to state 81
    GENERIC               shift, and go to state 82
    I_CONSTANT            shift, and go to state 83
    F_CONSTANT            shift, and go to state 84
    '('                   shift, and go to state 85
    '&'                   shift, and go to state 86
    '*'                   shift, and go to state 87
    '+'                   shift, and go to state 88
    '-'                   shift, and go to state 89
    '~'                   shift, and go to state 90
    '!'                   shift, and go to state 91

    primary_expression         go to state 92
    constant                   go to state 93
    string                     go to state 94
    generic_selection          go to state 95
    postfix_expression         go to state 96
    unary_expression           go to state 150
    unary_operator             go to state 98
    cast_expression            go to state 99
    multiplicative_expression  go to state 100
    additive_expression        go to state 101
    shift_expression           go to state 102
    relational_expression      go to state 103
    equality_expression        go to state 104
    and_expression             go to state 105
    exclusive_or_expression    go to state 106
    inclusive_or_expression    go to state 107
    logical_and_expression     go to state 108
    logical_or_expression      go to state 109
    conditional_expression     go to state 151
    assignment_expression      go to state 358


State 270

   25 postfix_expression: '(' type_name ')' • '{' initializer_list '}'
   26                   | '(' type_name ')' • '{' initializer_list ',' '}'
   43 cast_expression: '(' type_name ')' • cast_expression

    SIZEOF                shift, and go to state 74
    INC_OP                shift, and go to state 75
    DEC_OP                shift, and go to state 76
    ALIGNOF               shift, and go to state 77
    IDENTIFIER            shift, and go to state 78
    STRING_LITERAL        shift, and go to state 79
    ENUMERATION_CONSTANT  shift, and go to state 80
    FUNC_NAME             shift, and go to state 81
    GENERIC               shift, and go to state 82
    I_CONSTANT            shift, and go to state 83
    F_CONSTANT            shift, and go to state 84
    '('                   shift, and go to state 85
    '{'                   shift, and go to state 359
    '&'                   shift, and go to state 86
    '*'                   shift, and go to state 87
    '+'                   shift, and go to state 88
    '-'                   shift, and go to state 89
    '~'                   shift, and go to state 90
    '!'                   shift, and go to state 91

    primary_expression  go to state 92
    constant            go to state 93
    string              go to state 94
    generic_selection   go to state 95
    postfix_expression  go to state 96
    unary_expression    go to state 97
    unary_operator      go to state 98
    cast_expression     go to state 360


State 271

   22 postfix_expression: postfix_expression PTR_OP IDENTIFIER •

    $default  reduce using rule 22 (postfix_expression)


State 272

   19 postfix_expression: postfix_expression '(' ')' •

    $default  reduce using rule 19 (postfix_expression)


State 273

   20 postfix_expression: postfix_expression '(' argument_expression_list • ')'
   28 argument_expression_list: argument_expression_list • ',' assignment_expression

    ')'  shift, and go to state 361
    ','  shift, and go to state 362


State 274

   27 argument_expression_list: assignment_expression •

    $default  reduce using rule 27 (argument_expression_list)


State 275

   18 postfix_expression: postfix_expression '[' expression • ']'
   88 expression: expression • ',' assignment_expression

    ','  shift, and go to state 269
    ']'  shift, and go to state 363


State 276

   21 postfix_expression: postfix_expression '.' IDENTIFIER •

    $default  reduce using rule 21 (postfix_expression)


State 277

   45 multiplicative_expression: multiplicative_expression '*' cast_expression •

    $default  reduce using rule 45 (multiplicative_expression)


State 278

   46 multiplicative_expression: multiplicative_expression '/' cast_expression •

    $default  reduce using rule 46 (multiplicative_expression)


State 279

   47 multiplicative_expression: multiplicative_expression '%' cast_expression •

    $default  reduce using rule 47 (multiplicative_expression)


State 280

   45 multiplicative_expression: multiplicative_expression • '*' cast_expression
   46                          | multiplicative_expression • '/' cast_expression
   47                          | multiplicative_expression • '%' cast_expression
   49 additive_expression: additive_expression '+' multiplicative_expression •

    '*'  shift, and go to state 162
    '/'  shift, and go to state 163
    '%'  shift, and go to state 164

    $default  reduce using rule 49 (additive_expression)


State 281

   45 multiplicative_expression: multiplicative_expression • '*' cast_expression
   46                          | multiplicative_expression • '/' cast_expression
   47                          | multiplicative_expression • '%' cast_expression
   50 additive_expression: additive_expression '-' multiplicative_expression •

    '*'  shift, and go to state 162
    '/'  shift, and go to state 163
    '%'  shift, and go to state 164

    $default  reduce using rule 50 (additive_expression)


State 282

   49 additive_expression: additive_expression • '+' multiplicative_expression
   50                    | additive_expression • '-' multiplicative_expression
   52 shift_expression: shift_expression LEFT_OP additive_expression •

    '+'  shift, and go to state 165
    '-'  shift, and go to state 166

    $default  reduce using rule 52 (shift_expression)


State 283

   49 additive_expression: additive_expression • '+' multiplicative_expression
   50                    | additive_expression • '-' multiplicative_expression
   53 shift_expression: shift_expression RIGHT_OP additive_expression •

    '+'  shift, and go to state 165
    '-'  shift, and go to state 166

    $default  reduce using rule 53 (shift_expression)


State 284

   52 shift_expression: shift_expression • LEFT_OP additive_expression
   53                 | shift_expression • RIGHT_OP additive_expression
   57 relational_expression: relational_expression LE_OP shift_expression •

    LEFT_OP   shift, and go to state 167
    RIGHT_OP  shift, and go to state 168

    $default  reduce using rule 57 (relational_expression)


State 285

   52 shift_expression: shift_expression • LEFT_OP additive_expression
   53                 | shift_expression • RIGHT_OP additive_expression
   58 relational_expression: relational_expression GE_OP shift_expression •

    LEFT_OP   shift, and go to state 167
    RIGHT_OP  shift, and go to state 168

    $default  reduce using rule 58 (relational_expression)


State 286

   52 shift_expression: shift_expression • LEFT_OP additive_expression
   53                 | shift_expression • RIGHT_OP additive_expression
   55 relational_expression: relational_expression '<' shift_expression •

    LEFT_OP   shift, and go to state 167
    RIGHT_OP  shift, and go to state 168

    $default  reduce using rule 55 (relational_expression)


State 287

   52 shift_expression: shift_expression • LEFT_OP additive_expression
   53                 | shift_expression • RIGHT_OP additive_expression
   56 relational_expression: relational_expression '>' shift_expression •

    LEFT_OP   shift, and go to state 167
    RIGHT_OP  shift, and go to state 168

    $default  reduce using rule 56 (relational_expression)


State 288

   55 relational_expression: relational_expression • '<' shift_expression
   56                      | relational_expression • '>' shift_expression
   57                      | relational_expression • LE_OP shift_expression
   58                      | relational_expression • GE_OP shift_expression
   60 equality_expression: equality_expression EQ_OP relational_expression •

    LE_OP  shift, and go to state 169
    GE_OP  shift, and go to state 170
    '<'    shift, and go to state 171
    '>'    shift, and go to state 172

    $default  reduce using rule 60 (equality_expression)


State 289

   55 relational_expression: relational_expression • '<' shift_expression
   56                      | relational_expression • '>' shift_expression
   57                      | relational_expression • LE_OP shift_expression
   58                      | relational_expression • GE_OP shift_expression
   61 equality_expression: equality_expression NE_OP relational_expression •

    LE_OP  shift, and go to state 169
    GE_OP  shift, and go to state 170
    '<'    shift, and go to state 171
    '>'    shift, and go to state 172

    $default  reduce using rule 61 (equality_expression)


State 290

   60 equality_expression: equality_expression • EQ_OP relational_expression
   61                    | equality_expression • NE_OP relational_expression
   63 and_expression: and_expression '&' equality_expression •

    EQ_OP  shift, and go to state 173
    NE_OP  shift, and go to state 174

    $default  reduce using rule 63 (and_expression)


State 291

   63 and_expression: and_expression • '&' equality_expression
   65 exclusive_or_expression: exclusive_or_expression '^' and_expression •

    '&'  shift, and go to state 175

    $default  reduce using rule 65 (exclusive_or_expression)


State 292

   65 exclusive_or_expression: exclusive_or_expression • '^' and_expression
   67 inclusive_or_expression: inclusive_or_expression '|' exclusive_or_expression •

    '^'  shift, and go to state 176

    $default  reduce using rule 67 (inclusive_or_expression)


State 293

   67 inclusive_or_expression: inclusive_or_expression • '|' exclusive_or_expression
   69 logical_and_expression: logical_and_expression AND_OP inclusive_or_expression •

    '|'  shift, and go to state 177

    $default  reduce using rule 69 (logical_and_expression)


State 294

   69 logical_and_expression: logical_and_expression • AND_OP inclusive_or_expression
   71 logical_or_expression: logical_or_expression OR_OP logical_and_expression •

    AND_OP  shift, and go to state 178

    $default  reduce using rule 71 (logical_or_expression)


State 295

   73 conditional_expression: logical_or_expression '?' expression • ':' conditional_expression
   88 expression: expression • ',' assignment_expression

    ','  shift, and go to state 269
    ':'  shift, and go to state 364


State 296

  219 direct_abstract_declarator: '(' ')' •

    $default  reduce using rule 219 (direct_abstract_declarator)


State 297

  220 direct_abstract_declarator: '(' parameter_type_list • ')'

    ')'  shift, and go to state 365


State 298

  202 direct_abstract_declarator: '(' abstract_declarator • ')'

    ')'  shift, and go to state 366


State 299

  205 direct_abstract_declarator: '[' STATIC • type_qualifier_list assignment_expression ']'
  206                           | '[' STATIC • assignment_expression ']'

    SIZEOF                shift, and go to state 74
    INC_OP                shift, and go to state 75
    DEC_OP                shift, and go to state 76
    CONST                 shift, and go to state 8
    RESTRICT              shift, and go to state 9
    VOLATILE              shift, and go to state 10
    ALIGNOF               shift, and go to state 77
    ATOMIC                shift, and go to state 119
    IDENTIFIER            shift, and go to state 78
    STRING_LITERAL        shift, and go to state 79
    ENUMERATION_CONSTANT  shift, and go to state 80
    FUNC_NAME             shift, and go to state 81
    GENERIC               shift, and go to state 82
    I_CONSTANT            shift, and go to state 83
    F_CONSTANT            shift, and go to state 84
    '('                   shift, and go to state 85
    '&'                   shift, and go to state 86
    '*'                   shift, and go to state 87
    '+'                   shift, and go to state 88
    '-'                   shift, and go to state 89
    '~'                   shift, and go to state 90
    '!'                   shift, and go to state 91

    primary_expression         go to state 92
    constant                   go to state 93
    string                     go to state 94
    generic_selection          go to state 95
    postfix_expression         go to state 96
    unary_expression           go to state 150
    unary_operator             go to state 98
    cast_expression            go to state 99
    multiplicative_expression  go to state 100
    additive_expression        go to state 101
    shift_expression           go to state 102
    relational_expression      go to state 103
    equality_expression        go to state 104
    and_expression             go to state 105
    exclusive_or_expression    go to state 106
    inclusive_or_expression    go to state 107
    logical_and_expression     go to state 108
    logical_or_expression      go to state 109
    conditional_expression     go to state 151
    assignment_expression      go to state 367
    type_qualifier             go to state 120
    type_qualifier_list        go to state 368


State 300

  203 direct_abstract_declarator: '[' ']' •

    $default  reduce using rule 203 (direct_abstract_declarator)


State 301

   37 unary_operator: '*' •
  204 direct_abstract_declarator: '[' '*' • ']'

    ']'  shift, and go to state 369

    $default  reduce using rule 37 (unary_operator)


State 302

  210 direct_abstract_declarator: '[' assignment_expression • ']'

    ']'  shift, and go to state 370


State 303

  187 type_qualifier_list: type_qualifier_list • type_qualifier
  207 direct_abstract_declarator: '[' type_qualifier_list • STATIC assignment_expression ']'
  208                           | '[' type_qualifier_list • assignment_expression ']'
  209                           | '[' type_qualifier_list • ']'

    SIZEOF                shift, and go to state 74
    INC_OP                shift, and go to state 75
    DEC_OP                shift, and go to state 76
    STATIC                shift, and go to state 371
    CONST                 shift, and go to state 8
    RESTRICT              shift, and go to state 9
    VOLATILE              shift, and go to state 10
    ALIGNOF               shift, and go to state 77
    ATOMIC                shift, and go to state 119
    IDENTIFIER            shift, and go to state 78
    STRING_LITERAL        shift, and go to state 79
    ENUMERATION_CONSTANT  shift, and go to state 80
    FUNC_NAME             shift, and go to state 81
    GENERIC               shift, and go to state 82
    I_CONSTANT            shift, and go to state 83
    F_CONSTANT            shift, and go to state 84
    '('                   shift, and go to state 85
    ']'                   shift, and go to state 372
    '&'                   shift, and go to state 86
    '*'                   shift, and go to state 87
    '+'                   shift, and go to state 88
    '-'                   shift, and go to state 89
    '~'                   shift, and go to state 90
    '!'                   shift, and go to state 91

    primary_expression         go to state 92
    constant                   go to state 93
    string                     go to state 94
    generic_selection          go to state 95
    postfix_expression         go to state 96
    unary_expression           go to state 150
    unary_operator             go to state 98
    cast_expression            go to state 99
    multiplicative_expression  go to state 100
    additive_expression        go to state 101
    shift_expression           go to state 102
    relational_expression      go to state 103
    equality_expression        go to state 104
    and_expression             go to state 105
    exclusive_or_expression    go to state 106
    inclusive_or_expression    go to state 107
    logical_and_expression     go to state 108
    logical_or_expression      go to state 109
    conditional_expression     go to state 151
    assignment_expression      go to state 373
    type_qualifier             go to state 193


State 304

  199 abstract_declarator: pointer direct_abstract_declarator •
  211 direct_abstract_declarator: direct_abstract_declarator • '[' ']'
  212                           | direct_abstract_declarator • '[' '*' ']'
  213                           | direct_abstract_declarator • '[' STATIC type_qualifier_list assignment_expression ']'
  214                           | direct_abstract_declarator • '[' STATIC assignment_expression ']'
  215                           | direct_abstract_declarator • '[' type_qualifier_list assignment_expression ']'
  216                           | direct_abstract_declarator • '[' type_qualifier_list STATIC assignment_expression ']'
  217                           | direct_abstract_declarator • '[' type_qualifier_list ']'
  218                           | direct_abstract_declarator • '[' assignment_expression ']'
  221                           | direct_abstract_declarator • '(' ')'
  222                           | direct_abstract_declarator • '(' parameter_type_list ')'

    '('  shift, and go to state 305
    '['  shift, and go to state 306

    $default  reduce using rule 199 (abstract_declarator)


State 305

  221 direct_abstract_declarator: direct_abstract_declarator '(' • ')'
  222                           | direct_abstract_declarator '(' • parameter_type_list ')'

    TYPEDEF_NAME  shift, and go to state 1
    TYPEDEF       shift, and go to state 2
    EXTERN        shift, and go to state 3
    STATIC        shift, and go to state 4
    AUTO          shift, and go to state 5
    REGISTER      shift, and go to state 6
    INLINE        shift, and go to state 7
    CONST         shift, and go to state 8
    RESTRICT      shift, and go to state 9
    VOLATILE      shift, and go to state 10
    CHAR          shift, and go to state 11
    SHORT         shift, and go to state 12
    LONG          shift, and go to state 13
    SIGNED        shift, and go to state 14
    UNSIGNED      shift, and go to state 15
    VOID          shift, and go to state 16
    COMPLEX       shift, and go to state 17
    IMAGINARY     shift, and go to state 18
    STRUCT        shift, and go to state 19
    UNION         shift, and go to state 20
    ENUM          shift, and go to state 21
    ALIGNAS       shift, and go to state 22
    ATOMIC        shift, and go to state 23
    NORETURN      shift, and go to state 24
    THREAD_LOCAL  shift, and go to state 26
    INT           shift, and go to state 27
    FLOAT         shift, and go to state 28
    DOUBLE        shift, and go to state 29
    BOOL          shift, and go to state 30
    ')'           shift, and go to state 374

    declaration_specifiers     go to state 229
    storage_class_specifier    go to state 33
    type_specifier             go to state 34
    struct_or_union_specifier  go to state 35
    struct_or_union            go to state 36
    enum_specifier             go to state 37
    atomic_type_specifier      go to state 38
    type_qualifier             go to state 39
    function_specifier         go to state 40
    alignment_specifier        go to state 41
    parameter_type_list        go to state 375
    parameter_list             go to state 231
    parameter_declaration      go to state 232


State 306

  211 direct_abstract_declarator: direct_abstract_declarator '[' • ']'
  212                           | direct_abstract_declarator '[' • '*' ']'
  213                           | direct_abstract_declarator '[' • STATIC type_qualifier_list assignment_expression ']'
  214                           | direct_abstract_declarator '[' • STATIC assignment_expression ']'
  215                           | direct_abstract_declarator '[' • type_qualifier_list assignment_expression ']'
  216                           | direct_abstract_declarator '[' • type_qualifier_list STATIC assignment_expression ']'
  217                           | direct_abstract_declarator '[' • type_qualifier_list ']'
  218                           | direct_abstract_declarator '[' • assignment_expression ']'

    SIZEOF                shift, and go to state 74
    INC_OP                shift, and go to state 75
    DEC_OP                shift, and go to state 76
    STATIC                shift, and go to state 376
    CONST                 shift, and go to state 8
    RESTRICT              shift, and go to state 9
    VOLATILE              shift, and go to state 10
    ALIGNOF               shift, and go to state 77
    ATOMIC                shift, and go to state 119
    IDENTIFIER            shift, and go to state 78
    STRING_LITERAL        shift, and go to state 79
    ENUMERATION_CONSTANT  shift, and go to state 80
    FUNC_NAME             shift, and go to state 81
    GENERIC               shift, and go to state 82
    I_CONSTANT            shift, and go to state 83
    F_CONSTANT            shift, and go to state 84
    '('                   shift, and go to state 85
    ']'                   shift, and go to state 377
    '&'                   shift, and go to state 86
    '*'                   shift, and go to state 378
    '+'                   shift, and go to state 88
    '-'                   shift, and go to state 89
    '~'                   shift, and go to state 90
    '!'                   shift, and go to state 91

    primary_expression         go to state 92
    constant                   go to state 93
    string                     go to state 94
    generic_selection          go to state 95
    postfix_expression         go to state 96
    unary_expression           go to state 150
    unary_operator             go to state 98
    cast_expression            go to state 99
    multiplicative_expression  go to state 100
    additive_expression        go to state 101
    shift_expression           go to state 102
    relational_expression      go to state 103
    equality_expression        go to state 104
    and_expression             go to state 105
    exclusive_or_expression    go to state 106
    inclusive_or_expression    go to state 107
    logical_and_expression     go to state 108
    logical_or_expression      go to state 109
    conditional_expression     go to state 151
    assignment_expression      go to state 379
    type_qualifier             go to state 120
    type_qualifier_list        go to state 380


State 307

  227 static_assert_declaration: STATIC_ASSERT '(' constant_expression ',' STRING_LITERAL • ')' ';'

    ')'  shift, and go to state 381


State 308

  235 labeled_statement: CASE constant_expression • ':' statement

    ':'  shift, and go to state 382


State 309

  236 labeled_statement: DEFAULT ':' • statement

    SIZEOF                shift, and go to state 74
    INC_OP                shift, and go to state 75
    DEC_OP                shift, and go to state 76
    CASE                  shift, and go to state 197
    DEFAULT               shift, and go to state 198
    IF                    shift, and go to state 199
    SWITCH                shift, and go to state 200
    WHILE                 shift, and go to state 201
    DO                    shift, and go to state 202
    FOR                   shift, and go to state 203
    GOTO                  shift, and go to state 204
    CONTINUE              shift, and go to state 205
    BREAK                 shift, and go to state 206
    RETURN                shift, and go to state 207
    ALIGNOF               shift, and go to state 77
    IDENTIFIER            shift, and go to state 208
    STRING_LITERAL        shift, and go to state 79
    ENUMERATION_CONSTANT  shift, and go to state 80
    FUNC_NAME             shift, and go to state 81
    GENERIC               shift, and go to state 82
    I_CONSTANT            shift, and go to state 83
    F_CONSTANT            shift, and go to state 84
    '('                   shift, and go to state 85
    '{'                   shift, and go to state 125
    '&'                   shift, and go to state 86
    '*'                   shift, and go to state 87
    '+'                   shift, and go to state 88
    '-'                   shift, and go to state 89
    '~'                   shift, and go to state 90
    '!'                   shift, and go to state 91
    ';'                   shift, and go to state 210

    primary_expression         go to state 92
    constant                   go to state 93
    string                     go to state 94
    generic_selection          go to state 95
    postfix_expression         go to state 96
    unary_expression           go to state 150
    unary_operator             go to state 98
    cast_expression            go to state 99
    multiplicative_expression  go to state 100
    additive_expression        go to state 101
    shift_expression           go to state 102
    relational_expression      go to state 103
    equality_expression        go to state 104
    and_expression             go to state 105
    exclusive_or_expression    go to state 106
    inclusive_or_expression    go to state 107
    logical_and_expression     go to state 108
    logical_or_expression      go to state 109
    conditional_expression     go to state 151
    assignment_expression      go to state 152
    expression                 go to state 211
    statement                  go to state 383
    labeled_statement          go to state 214
    compound_statement         go to state 215
    expression_statement       go to state 218
    selection_statement        go to state 219
    iteration_statement        go to state 220
    jump_statement             go to state 221


State 310

    4 primary_expression: '(' • expression ')'
   25 postfix_expression: '(' • type_name ')' '{' initializer_list '}'
   26                   | '(' • type_name ')' '{' initializer_list ',' '}'
   43 cast_expression: '(' • type_name ')' cast_expression
  245 selection_statement: IF '(' • expression ')' statement ELSE statement
  246                    | IF '(' • expression ')' statement

    SIZEOF                shift, and go to state 74
    INC_OP                shift, and go to state 75
    DEC_OP                shift, and go to state 76
    TYPEDEF_NAME          shift, and go to state 1
    CONST                 shift, and go to state 8
    RESTRICT              shift, and go to state 9
    VOLATILE              shift, and go to state 10
    CHAR                  shift, and go to state 11
    SHORT                 shift, and go to state 12
    LONG                  shift, and go to state 13
    SIGNED                shift, and go to state 14
    UNSIGNED              shift, and go to state 15
    VOID                  shift, and go to state 16
    COMPLEX               shift, and go to state 17
    IMAGINARY             shift, and go to state 18
    STRUCT                shift, and go to state 19
    UNION                 shift, and go to state 20
    ENUM                  shift, and go to state 21
    ALIGNOF               shift, and go to state 77
    ATOMIC                shift, and go to state 23
    INT                   shift, and go to state 27
    FLOAT                 shift, and go to state 28
    IDENTIFIER            shift, and go to state 78
    STRING_LITERAL        shift, and go to state 79
    ENUMERATION_CONSTANT  shift, and go to state 80
    FUNC_NAME             shift, and go to state 81
    GENERIC               shift, and go to state 82
    I_CONSTANT            shift, and go to state 83
    F_CONSTANT            shift, and go to state 84
    DOUBLE                shift, and go to state 29
    BOOL                  shift, and go to state 30
    '('                   shift, and go to state 85
    '&'                   shift, and go to state 86
    '*'                   shift, and go to state 87
    '+'                   shift, and go to state 88
    '-'                   shift, and go to state 89
    '~'                   shift, and go to state 90
    '!'                   shift, and go to state 91

    primary_expression         go to state 92
    constant                   go to state 93
    string                     go to state 94
    generic_selection          go to state 95
    postfix_expression         go to state 96
    unary_expression           go to state 150
    unary_operator             go to state 98
    cast_expression            go to state 99
    multiplicative_expression  go to state 100
    additive_expression        go to state 101
    shift_expression           go to state 102
    relational_expression      go to state 103
    equality_expression        go to state 104
    and_expression             go to state 105
    exclusive_or_expression    go to state 106
    inclusive_or_expression    go to state 107
    logical_and_expression     go to state 108
    logical_or_expression      go to state 109
    conditional_expression     go to state 151
    assignment_expression      go to state 152
    expression                 go to state 384
    type_specifier             go to state 112
    struct_or_union_specifier  go to state 35
    struct_or_union            go to state 36
    specifier_qualifier_list   go to state 113
    enum_specifier             go to state 37
    atomic_type_specifier      go to state 38
    type_qualifier             go to state 114
    type_name                  go to state 154


State 311

   88 expression: expression • ',' assignment_expression
  247 selection_statement: IF expression • compound_statement ELSE compound_statement
  248                    | IF expression • compound_statement

    ','  shift, and go to state 269
    '{'  shift, and go to state 125

    compound_statement  go to state 385


State 312

    4 primary_expression: '(' • expression ')'
   25 postfix_expression: '(' • type_name ')' '{' initializer_list '}'
   26                   | '(' • type_name ')' '{' initializer_list ',' '}'
   43 cast_expression: '(' • type_name ')' cast_expression
  249 selection_statement: SWITCH '(' • expression ')' statement

    SIZEOF                shift, and go to state 74
    INC_OP                shift, and go to state 75
    DEC_OP                shift, and go to state 76
    TYPEDEF_NAME          shift, and go to state 1
    CONST                 shift, and go to state 8
    RESTRICT              shift, and go to state 9
    VOLATILE              shift, and go to state 10
    CHAR                  shift, and go to state 11
    SHORT                 shift, and go to state 12
    LONG                  shift, and go to state 13
    SIGNED                shift, and go to state 14
    UNSIGNED              shift, and go to state 15
    VOID                  shift, and go to state 16
    COMPLEX               shift, and go to state 17
    IMAGINARY             shift, and go to state 18
    STRUCT                shift, and go to state 19
    UNION                 shift, and go to state 20
    ENUM                  shift, and go to state 21
    ALIGNOF               shift, and go to state 77
    ATOMIC                shift, and go to state 23
    INT                   shift, and go to state 27
    FLOAT                 shift, and go to state 28
    IDENTIFIER            shift, and go to state 78
    STRING_LITERAL        shift, and go to state 79
    ENUMERATION_CONSTANT  shift, and go to state 80
    FUNC_NAME             shift, and go to state 81
    GENERIC               shift, and go to state 82
    I_CONSTANT            shift, and go to state 83
    F_CONSTANT            shift, and go to state 84
    DOUBLE                shift, and go to state 29
    BOOL                  shift, and go to state 30
    '('                   shift, and go to state 85
    '&'                   shift, and go to state 86
    '*'                   shift, and go to state 87
    '+'                   shift, and go to state 88
    '-'                   shift, and go to state 89
    '~'                   shift, and go to state 90
    '!'                   shift, and go to state 91

    primary_expression         go to state 92
    constant                   go to state 93
    string                     go to state 94
    generic_selection          go to state 95
    postfix_expression         go to state 96
    unary_expression           go to state 150
    unary_operator             go to state 98
    cast_expression            go to state 99
    multiplicative_expression  go to state 100
    additive_expression        go to state 101
    shift_expression           go to state 102
    relational_expression      go to state 103
    equality_expression        go to state 104
    and_expression             go to state 105
    exclusive_or_expression    go to state 106
    inclusive_or_expression    go to state 107
    logical_and_expression     go to state 108
    logical_or_expression      go to state 109
    conditional_expression     go to state 151
    assignment_expression      go to state 152
    expression                 go to state 386
    type_specifier             go to state 112
    struct_or_union_specifier  go to state 35
    struct_or_union            go to state 36
    specifier_qualifier_list   go to state 113
    enum_specifier             go to state 37
    atomic_type_specifier      go to state 38
    type_qualifier             go to state 114
    type_name                  go to state 154


State 313

   88 expression: expression • ',' assignment_expression
  250 selection_statement: SWITCH expression • compound_statement

    ','  shift, and go to state 269
    '{'  shift, and go to state 125

    compound_statement  go to state 387


State 314

    4 primary_expression: '(' • expression ')'
   25 postfix_expression: '(' • type_name ')' '{' initializer_list '}'
   26                   | '(' • type_name ')' '{' initializer_list ',' '}'
   43 cast_expression: '(' • type_name ')' cast_expression
  251 iteration_statement: WHILE '(' • expression ')' statement

    SIZEOF                shift, and go to state 74
    INC_OP                shift, and go to state 75
    DEC_OP                shift, and go to state 76
    TYPEDEF_NAME          shift, and go to state 1
    CONST                 shift, and go to state 8
    RESTRICT              shift, and go to state 9
    VOLATILE              shift, and go to state 10
    CHAR                  shift, and go to state 11
    SHORT                 shift, and go to state 12
    LONG                  shift, and go to state 13
    SIGNED                shift, and go to state 14
    UNSIGNED              shift, and go to state 15
    VOID                  shift, and go to state 16
    COMPLEX               shift, and go to state 17
    IMAGINARY             shift, and go to state 18
    STRUCT                shift, and go to state 19
    UNION                 shift, and go to state 20
    ENUM                  shift, and go to state 21
    ALIGNOF               shift, and go to state 77
    ATOMIC                shift, and go to state 23
    INT                   shift, and go to state 27
    FLOAT                 shift, and go to state 28
    IDENTIFIER            shift, and go to state 78
    STRING_LITERAL        shift, and go to state 79
    ENUMERATION_CONSTANT  shift, and go to state 80
    FUNC_NAME             shift, and go to state 81
    GENERIC               shift, and go to state 82
    I_CONSTANT            shift, and go to state 83
    F_CONSTANT            shift, and go to state 84
    DOUBLE                shift, and go to state 29
    BOOL                  shift, and go to state 30
    '('                   shift, and go to state 85
    '&'                   shift, and go to state 86
    '*'                   shift, and go to state 87
    '+'                   shift, and go to state 88
    '-'                   shift, and go to state 89
    '~'                   shift, and go to state 90
    '!'                   shift, and go to state 91

    primary_expression         go to state 92
    constant                   go to state 93
    string                     go to state 94
    generic_selection          go to state 95
    postfix_expression         go to state 96
    unary_expression           go to state 150
    unary_operator             go to state 98
    cast_expression            go to state 99
    multiplicative_expression  go to state 100
    additive_expression        go to state 101
    shift_expression           go to state 102
    relational_expression      go to state 103
    equality_expression        go to state 104
    and_expression             go to state 105
    exclusive_or_expression    go to state 106
    inclusive_or_expression    go to state 107
    logical_and_expression     go to state 108
    logical_or_expression      go to state 109
    conditional_expression     go to state 151
    assignment_expression      go to state 152
    expression                 go to state 388
    type_specifier             go to state 112
    struct_or_union_specifier  go to state 35
    struct_or_union            go to state 36
    specifier_qualifier_list   go to state 113
    enum_specifier             go to state 37
    atomic_type_specifier      go to state 38
    type_qualifier             go to state 114
    type_name                  go to state 154


State 315

   88 expression: expression • ',' assignment_expression
  252 iteration_statement: WHILE expression • compound_statement

    ','  shift, and go to state 269
    '{'  shift, and go to state 125

    compound_statement  go to state 389


State 316

  253 iteration_statement: DO statement • WHILE '(' expression ')' ';'

    WHILE  shift, and go to state 390


State 317

    4 primary_expression: '(' • expression ')'
   25 postfix_expression: '(' • type_name ')' '{' initializer_list '}'
   26                   | '(' • type_name ')' '{' initializer_list ',' '}'
   43 cast_expression: '(' • type_name ')' cast_expression
  258 iteration_statement: FOR '(' • expression_statement expression_statement ')' statement
  259                    | FOR '(' • expression_statement expression_statement expression ')' statement
  260                    | FOR '(' • declaration expression_statement ')' statement
  261                    | FOR '(' • declaration expression_statement expression ')' statement

    SIZEOF                shift, and go to state 74
    INC_OP                shift, and go to state 75
    DEC_OP                shift, and go to state 76
    TYPEDEF_NAME          shift, and go to state 1
    TYPEDEF               shift, and go to state 2
    EXTERN                shift, and go to state 3
    STATIC                shift, and go to state 4
    AUTO                  shift, and go to state 5
    REGISTER              shift, and go to state 6
    INLINE                shift, and go to state 7
    CONST                 shift, and go to state 8
    RESTRICT              shift, and go to state 9
    VOLATILE              shift, and go to state 10
    CHAR                  shift, and go to state 11
    SHORT                 shift, and go to state 12
    LONG                  shift, and go to state 13
    SIGNED                shift, and go to state 14
    UNSIGNED              shift, and go to state 15
    VOID                  shift, and go to state 16
    COMPLEX               shift, and go to state 17
    IMAGINARY             shift, and go to state 18
    STRUCT                shift, and go to state 19
    UNION                 shift, and go to state 20
    ENUM                  shift, and go to state 21
    ALIGNAS               shift, and go to state 22
    ALIGNOF               shift, and go to state 77
    ATOMIC                shift, and go to state 23
    NORETURN              shift, and go to state 24
    STATIC_ASSERT         shift, and go to state 25
    THREAD_LOCAL          shift, and go to state 26
    INT                   shift, and go to state 27
    FLOAT                 shift, and go to state 28
    IDENTIFIER            shift, and go to state 78
    STRING_LITERAL        shift, and go to state 79
    ENUMERATION_CONSTANT  shift, and go to state 80
    FUNC_NAME             shift, and go to state 81
    GENERIC               shift, and go to state 82
    I_CONSTANT            shift, and go to state 83
    F_CONSTANT            shift, and go to state 84
    DOUBLE                shift, and go to state 29
    BOOL                  shift, and go to state 30
    '('                   shift, and go to state 85
    '&'                   shift, and go to state 86
    '*'                   shift, and go to state 87
    '+'                   shift, and go to state 88
    '-'                   shift, and go to state 89
    '~'                   shift, and go to state 90
    '!'                   shift, and go to state 91
    ';'                   shift, and go to state 210

    primary_expression         go to state 92
    constant                   go to state 93
    string                     go to state 94
    generic_selection          go to state 95
    postfix_expression         go to state 96
    unary_expression           go to state 150
    unary_operator             go to state 98
    cast_expression            go to state 99
    multiplicative_expression  go to state 100
    additive_expression        go to state 101
    shift_expression           go to state 102
    relational_expression      go to state 103
    equality_expression        go to state 104
    and_expression             go to state 105
    exclusive_or_expression    go to state 106
    inclusive_or_expression    go to state 107
    logical_and_expression     go to state 108
    logical_or_expression      go to state 109
    conditional_expression     go to state 151
    assignment_expression      go to state 152
    expression                 go to state 391
    declaration                go to state 392
    declaration_specifiers     go to state 128
    storage_class_specifier    go to state 33
    type_specifier             go to state 393
    struct_or_union_specifier  go to state 35
    struct_or_union            go to state 36
    specifier_qualifier_list   go to state 113
    enum_specifier             go to state 37
    atomic_type_specifier      go to state 38
    type_qualifier             go to state 394
    function_specifier         go to state 40
    alignment_specifier        go to state 41
    type_name                  go to state 154
    static_assert_declaration  go to state 42
    expression_statement       go to state 395


State 318

  256 iteration_statement: FOR declaration • expression_statement expression compound_statement
  257                    | FOR declaration • expression_statement compound_statement

    SIZEOF                shift, and go to state 74
    INC_OP                shift, and go to state 75
    DEC_OP                shift, and go to state 76
    ALIGNOF               shift, and go to state 77
    IDENTIFIER            shift, and go to state 78
    STRING_LITERAL        shift, and go to state 79
    ENUMERATION_CONSTANT  shift, and go to state 80
    FUNC_NAME             shift, and go to state 81
    GENERIC               shift, and go to state 82
    I_CONSTANT            shift, and go to state 83
    F_CONSTANT            shift, and go to state 84
    '('                   shift, and go to state 85
    '&'                   shift, and go to state 86
    '*'                   shift, and go to state 87
    '+'                   shift, and go to state 88
    '-'                   shift, and go to state 89
    '~'                   shift, and go to state 90
    '!'                   shift, and go to state 91
    ';'                   shift, and go to state 210

    primary_expression         go to state 92
    constant                   go to state 93
    string                     go to state 94
    generic_selection          go to state 95
    postfix_expression         go to state 96
    unary_expression           go to state 150
    unary_operator             go to state 98
    cast_expression            go to state 99
    multiplicative_expression  go to state 100
    additive_expression        go to state 101
    shift_expression           go to state 102
    relational_expression      go to state 103
    equality_expression        go to state 104
    and_expression             go to state 105
    exclusive_or_expression    go to state 106
    inclusive_or_expression    go to state 107
    logical_and_expression     go to state 108
    logical_or_expression      go to state 109
    conditional_expression     go to state 151
    assignment_expression      go to state 152
    expression                 go to state 211
    expression_statement       go to state 396


State 319

  254 iteration_statement: FOR expression_statement • expression_statement compound_statement
  255                    | FOR expression_statement • expression_statement expression_statement compound_statement

    SIZEOF                shift, and go to state 74
    INC_OP                shift, and go to state 75
    DEC_OP                shift, and go to state 76
    ALIGNOF               shift, and go to state 77
    IDENTIFIER            shift, and go to state 78
    STRING_LITERAL        shift, and go to state 79
    ENUMERATION_CONSTANT  shift, and go to state 80
    FUNC_NAME             shift, and go to state 81
    GENERIC               shift, and go to state 82
    I_CONSTANT            shift, and go to state 83
    F_CONSTANT            shift, and go to state 84
    '('                   shift, and go to state 85
    '&'                   shift, and go to state 86
    '*'                   shift, and go to state 87
    '+'                   shift, and go to state 88
    '-'                   shift, and go to state 89
    '~'                   shift, and go to state 90
    '!'                   shift, and go to state 91
    ';'                   shift, and go to state 210

    primary_expression         go to state 92
    constant                   go to state 93
    string                     go to state 94
    generic_selection          go to state 95
    postfix_expression         go to state 96
    unary_expression           go to state 150
    unary_operator             go to state 98
    cast_expression            go to state 99
    multiplicative_expression  go to state 100
    additive_expression        go to state 101
    shift_expression           go to state 102
    relational_expression      go to state 103
    equality_expression        go to state 104
    and_expression             go to state 105
    exclusive_or_expression    go to state 106
    inclusive_or_expression    go to state 107
    logical_and_expression     go to state 108
    logical_or_expression      go to state 109
    conditional_expression     go to state 151
    assignment_expression      go to state 152
    expression                 go to state 211
    expression_statement       go to state 397


State 320

  262 jump_statement: GOTO IDENTIFIER • ';'

    ';'  shift, and go to state 398


State 321

  263 jump_statement: CONTINUE ';' •

    $default  reduce using rule 263 (jump_statement)


State 322

  264 jump_statement: BREAK ';' •

    $default  reduce using rule 264 (jump_statement)


State 323

  265 jump_statement: RETURN ';' •

    $default  reduce using rule 265 (jump_statement)


State 324

   88 expression: expression • ',' assignment_expression
  266 jump_statement: RETURN expression • ';'

    ','  shift, and go to state 269
    ';'  shift, and go to state 399


State 325

  234 labeled_statement: IDENTIFIER ':' • statement

    SIZEOF                shift, and go to state 74
    INC_OP                shift, and go to state 75
    DEC_OP                shift, and go to state 76
    CASE                  shift, and go to state 197
    DEFAULT               shift, and go to state 198
    IF                    shift, and go to state 199
    SWITCH                shift, and go to state 200
    WHILE                 shift, and go to state 201
    DO                    shift, and go to state 202
    FOR                   shift, and go to state 203
    GOTO                  shift, and go to state 204
    CONTINUE              shift, and go to state 205
    BREAK                 shift, and go to state 206
    RETURN                shift, and go to state 207
    ALIGNOF               shift, and go to state 77
    IDENTIFIER            shift, and go to state 208
    STRING_LITERAL        shift, and go to state 79
    ENUMERATION_CONSTANT  shift, and go to state 80
    FUNC_NAME             shift, and go to state 81
    GENERIC               shift, and go to state 82
    I_CONSTANT            shift, and go to state 83
    F_CONSTANT            shift, and go to state 84
    '('                   shift, and go to state 85
    '{'                   shift, and go to state 125
    '&'                   shift, and go to state 86
    '*'                   shift, and go to state 87
    '+'                   shift, and go to state 88
    '-'                   shift, and go to state 89
    '~'                   shift, and go to state 90
    '!'                   shift, and go to state 91
    ';'                   shift, and go to state 210

    primary_expression         go to state 92
    constant                   go to state 93
    string                     go to state 94
    generic_selection          go to state 95
    postfix_expression         go to state 96
    unary_expression           go to state 150
    unary_operator             go to state 98
    cast_expression            go to state 99
    multiplicative_expression  go to state 100
    additive_expression        go to state 101
    shift_expression           go to state 102
    relational_expression      go to state 103
    equality_expression        go to state 104
    and_expression             go to state 105
    exclusive_or_expression    go to state 106
    inclusive_or_expression    go to state 107
    logical_and_expression     go to state 108
    logical_or_expression      go to state 109
    conditional_expression     go to state 151
    assignment_expression      go to state 152
    expression                 go to state 211
    statement                  go to state 400
    labeled_statement          go to state 214
    compound_statement         go to state 215
    expression_statement       go to state 218
    selection_statement        go to state 219
    iteration_statement        go to state 220
    jump_statement             go to state 221


State 326

  244 expression_statement: expression ';' •

    $default  reduce using rule 244 (expression_statement)


State 327

  238 compound_statement: '{' block_item_list '}' •

    $default  reduce using rule 238 (compound_statement)


State 328

  240 block_item_list: block_item_list block_item •

    $default  reduce using rule 240 (block_item_list)


State 329

  226 initializer_list: initializer •

    $default  reduce using rule 226 (initializer_list)


State 330

  223 initializer: '{' initializer_list • '}'
  224            | '{' initializer_list • ',' '}'

    ','  shift, and go to state 401
    '}'  shift, and go to state 402


State 331

  169 direct_declarator: '(' • declarator ')'
  202 direct_abstract_declarator: '(' • abstract_declarator ')'
  219                           | '(' • ')'
  220                           | '(' • parameter_type_list ')'

    TYPEDEF_NAME  shift, and go to state 1
    TYPEDEF       shift, and go to state 2
    EXTERN        shift, and go to state 3
    STATIC        shift, and go to state 4
    AUTO          shift, and go to state 5
    REGISTER      shift, and go to state 6
    INLINE        shift, and go to state 7
    CONST         shift, and go to state 8
    RESTRICT      shift, and go to state 9
    VOLATILE      shift, and go to state 10
    CHAR          shift, and go to state 11
    SHORT         shift, and go to state 12
    LONG          shift, and go to state 13
    SIGNED        shift, and go to state 14
    UNSIGNED      shift, and go to state 15
    VOID          shift, and go to state 16
    COMPLEX       shift, and go to state 17
    IMAGINARY     shift, and go to state 18
    STRUCT        shift, and go to state 19
    UNION         shift, and go to state 20
    ENUM          shift, and go to state 21
    ALIGNAS       shift, and go to state 22
    ATOMIC        shift, and go to state 23
    NORETURN      shift, and go to state 24
    THREAD_LOCAL  shift, and go to state 26
    INT           shift, and go to state 27
    FLOAT         shift, and go to state 28
    IDENTIFIER    shift, and go to state 51
    DOUBLE        shift, and go to state 29
    BOOL          shift, and go to state 30
    '('           shift, and go to state 331
    ')'           shift, and go to state 296
    '['           shift, and go to state 184
    '*'           shift, and go to state 53

    declaration_specifiers      go to state 229
    storage_class_specifier     go to state 33
    type_specifier              go to state 34
    struct_or_union_specifier   go to state 35
    struct_or_union             go to state 36
    enum_specifier              go to state 37
    atomic_type_specifier       go to state 38
    type_qualifier              go to state 39
    function_specifier          go to state 40
    alignment_specifier         go to state 41
    declarator                  go to state 118
    direct_declarator           go to state 58
    pointer                     go to state 333
    parameter_type_list         go to state 297
    parameter_list              go to state 231
    parameter_declaration       go to state 232
    abstract_declarator         go to state 298
    direct_abstract_declarator  go to state 187


State 332

  192 parameter_declaration: declaration_specifiers declarator •

    $default  reduce using rule 192 (parameter_declaration)


State 333

  166 declarator: pointer • direct_declarator
  199 abstract_declarator: pointer • direct_abstract_declarator
  200                    | pointer •

    IDENTIFIER  shift, and go to state 51
    '('         shift, and go to state 331
    '['         shift, and go to state 184

    $default  reduce using rule 200 (abstract_declarator)

    direct_declarator           go to state 133
    direct_abstract_declarator  go to state 304


State 334

  193 parameter_declaration: declaration_specifiers abstract_declarator •

    $default  reduce using rule 193 (parameter_declaration)


State 335

  179 direct_declarator: direct_declarator '(' parameter_type_list ')' •

    $default  reduce using rule 179 (direct_declarator)


State 336

  188 parameter_type_list: parameter_list ',' • ELLIPSIS
  191 parameter_list: parameter_list ',' • parameter_declaration

    TYPEDEF_NAME  shift, and go to state 1
    TYPEDEF       shift, and go to state 2
    EXTERN        shift, and go to state 3
    STATIC        shift, and go to state 4
    AUTO          shift, and go to state 5
    REGISTER      shift, and go to state 6
    INLINE        shift, and go to state 7
    CONST         shift, and go to state 8
    RESTRICT      shift, and go to state 9
    VOLATILE      shift, and go to state 10
    CHAR          shift, and go to state 11
    SHORT         shift, and go to state 12
    LONG          shift, and go to state 13
    SIGNED        shift, and go to state 14
    UNSIGNED      shift, and go to state 15
    VOID          shift, and go to state 16
    COMPLEX       shift, and go to state 17
    IMAGINARY     shift, and go to state 18
    STRUCT        shift, and go to state 19
    UNION         shift, and go to state 20
    ENUM          shift, and go to state 21
    ELLIPSIS      shift, and go to state 403
    ALIGNAS       shift, and go to state 22
    ATOMIC        shift, and go to state 23
    NORETURN      shift, and go to state 24
    THREAD_LOCAL  shift, and go to state 26
    INT           shift, and go to state 27
    FLOAT         shift, and go to state 28
    DOUBLE        shift, and go to state 29
    BOOL          shift, and go to state 30

    declaration_specifiers     go to state 229
    storage_class_specifier    go to state 33
    type_specifier             go to state 34
    struct_or_union_specifier  go to state 35
    struct_or_union            go to state 36
    enum_specifier             go to state 37
    atomic_type_specifier      go to state 38
    type_qualifier             go to state 39
    function_specifier         go to state 40
    alignment_specifier        go to state 41
    parameter_declaration      go to state 404


State 337

  181 direct_declarator: direct_declarator '(' identifier_list ')' •

    $default  reduce using rule 181 (direct_declarator)


State 338

  196 identifier_list: identifier_list ',' • IDENTIFIER

    IDENTIFIER  shift, and go to state 405


State 339

  173 direct_declarator: direct_declarator '[' STATIC assignment_expression • ']'

    ']'  shift, and go to state 406


State 340

  172 direct_declarator: direct_declarator '[' STATIC type_qualifier_list • assignment_expression ']'
  187 type_qualifier_list: type_qualifier_list • type_qualifier

    SIZEOF                shift, and go to state 74
    INC_OP                shift, and go to state 75
    DEC_OP                shift, and go to state 76
    CONST                 shift, and go to state 8
    RESTRICT              shift, and go to state 9
    VOLATILE              shift, and go to state 10
    ALIGNOF               shift, and go to state 77
    ATOMIC                shift, and go to state 119
    IDENTIFIER            shift, and go to state 78
    STRING_LITERAL        shift, and go to state 79
    ENUMERATION_CONSTANT  shift, and go to state 80
    FUNC_NAME             shift, and go to state 81
    GENERIC               shift, and go to state 82
    I_CONSTANT            shift, and go to state 83
    F_CONSTANT            shift, and go to state 84
    '('                   shift, and go to state 85
    '&'                   shift, and go to state 86
    '*'                   shift, and go to state 87
    '+'                   shift, and go to state 88
    '-'                   shift, and go to state 89
    '~'                   shift, and go to state 90
    '!'                   shift, and go to state 91

    primary_expression         go to state 92
    constant                   go to state 93
    string                     go to state 94
    generic_selection          go to state 95
    postfix_expression         go to state 96
    unary_expression           go to state 150
    unary_operator             go to state 98
    cast_expression            go to state 99
    multiplicative_expression  go to state 100
    additive_expression        go to state 101
    shift_expression           go to state 102
    relational_expression      go to state 103
    equality_expression        go to state 104
    and_expression             go to state 105
    exclusive_or_expression    go to state 106
    inclusive_or_expression    go to state 107
    logical_and_expression     go to state 108
    logical_or_expression      go to state 109
    conditional_expression     go to state 151
    assignment_expression      go to state 407
    type_qualifier             go to state 193


State 341

  171 direct_declarator: direct_declarator '[' '*' ']' •

    $default  reduce using rule 171 (direct_declarator)


State 342

  178 direct_declarator: direct_declarator '[' assignment_expression ']' •

    $default  reduce using rule 178 (direct_declarator)


State 343

  175 direct_declarator: direct_declarator '[' type_qualifier_list STATIC • assignment_expression ']'

    SIZEOF                shift, and go to state 74
    INC_OP                shift, and go to state 75
    DEC_OP                shift, and go to state 76
    ALIGNOF               shift, and go to state 77
    IDENTIFIER            shift, and go to state 78
    STRING_LITERAL        shift, and go to state 79
    ENUMERATION_CONSTANT  shift, and go to state 80
    FUNC_NAME             shift, and go to state 81
    GENERIC               shift, and go to state 82
    I_CONSTANT            shift, and go to state 83
    F_CONSTANT            shift, and go to state 84
    '('                   shift, and go to state 85
    '&'                   shift, and go to state 86
    '*'                   shift, and go to state 87
    '+'                   shift, and go to state 88
    '-'                   shift, and go to state 89
    '~'                   shift, and go to state 90
    '!'                   shift, and go to state 91

    primary_expression         go to state 92
    constant                   go to state 93
    string                     go to state 94
    generic_selection          go to state 95
    postfix_expression         go to state 96
    unary_expression           go to state 150
    unary_operator             go to state 98
    cast_expression            go to state 99
    multiplicative_expression  go to state 100
    additive_expression        go to state 101
    shift_expression           go to state 102
    relational_expression      go to state 103
    equality_expression        go to state 104
    and_expression             go to state 105
    exclusive_or_expression    go to state 106
    inclusive_or_expression    go to state 107
    logical_and_expression     go to state 108
    logical_or_expression      go to state 109
    conditional_expression     go to state 151
    assignment_expression      go to state 408


State 344

  177 direct_declarator: direct_declarator '[' type_qualifier_list ']' •

    $default  reduce using rule 177 (direct_declarator)


State 345

   37 unary_operator: '*' •
  174 direct_declarator: direct_declarator '[' type_qualifier_list '*' • ']'

    ']'  shift, and go to state 409

    $default  reduce using rule 37 (unary_operator)


State 346

  176 direct_declarator: direct_declarator '[' type_qualifier_list assignment_expression • ']'

    ']'  shift, and go to state 410


State 347

  130 struct_or_union_specifier: struct_or_union IDENTIFIER '{' struct_declaration_list '}' •

    $default  reduce using rule 130 (struct_or_union_specifier)


State 348

  145 struct_declarator: ':' constant_expression •

    $default  reduce using rule 145 (struct_declarator)


State 349

  144 struct_declarator_list: struct_declarator_list ',' • struct_declarator

    IDENTIFIER  shift, and go to state 51
    '('         shift, and go to state 52
    ':'         shift, and go to state 242
    '*'         shift, and go to state 53

    struct_declarator  go to state 411
    declarator         go to state 246
    direct_declarator  go to state 58
    pointer            go to state 59


State 350

  137 struct_declaration: specifier_qualifier_list struct_declarator_list ';' •

    $default  reduce using rule 137 (struct_declaration)


State 351

  146 struct_declarator: declarator ':' • constant_expression

    SIZEOF                shift, and go to state 74
    INC_OP                shift, and go to state 75
    DEC_OP                shift, and go to state 76
    ALIGNOF               shift, and go to state 77
    IDENTIFIER            shift, and go to state 78
    STRING_LITERAL        shift, and go to state 79
    ENUMERATION_CONSTANT  shift, and go to state 80
    FUNC_NAME             shift, and go to state 81
    GENERIC               shift, and go to state 82
    I_CONSTANT            shift, and go to state 83
    F_CONSTANT            shift, and go to state 84
    '('                   shift, and go to state 85
    '&'                   shift, and go to state 86
    '*'                   shift, and go to state 87
    '+'                   shift, and go to state 88
    '-'                   shift, and go to state 89
    '~'                   shift, and go to state 90
    '!'                   shift, and go to state 91

    primary_expression         go to state 92
    constant                   go to state 93
    string                     go to state 94
    generic_selection          go to state 95
    postfix_expression         go to state 96
    unary_expression           go to state 97
    unary_operator             go to state 98
    cast_expression            go to state 99
    multiplicative_expression  go to state 100
    additive_expression        go to state 101
    shift_expression           go to state 102
    relational_expression      go to state 103
    equality_expression        go to state 104
    and_expression             go to state 105
    exclusive_or_expression    go to state 106
    inclusive_or_expression    go to state 107
    logical_and_expression     go to state 108
    logical_or_expression      go to state 109
    conditional_expression     go to state 110
    constant_expression        go to state 412


State 352

  151 enum_specifier: ENUM IDENTIFIER '{' enumerator_list ',' '}' •

    $default  reduce using rule 151 (enum_specifier)


State 353

   25 postfix_expression: '(' type_name ')' • '{' initializer_list '}'
   26                   | '(' type_name ')' • '{' initializer_list ',' '}'
   34 unary_expression: SIZEOF '(' type_name ')' •

    '{'  shift, and go to state 359

    '{'       [reduce using rule 34 (unary_expression)]
    $default  reduce using rule 34 (unary_expression)


State 354

   25 postfix_expression: '(' type_name ')' • '{' initializer_list '}'
   26                   | '(' type_name ')' • '{' initializer_list ',' '}'

    '{'  shift, and go to state 359


State 355

   35 unary_expression: ALIGNOF '(' type_name ')' •

    $default  reduce using rule 35 (unary_expression)


State 356

   12 generic_selection: GENERIC '(' assignment_expression ',' • generic_assoc_list ')'

    TYPEDEF_NAME  shift, and go to state 1
    CONST         shift, and go to state 8
    RESTRICT      shift, and go to state 9
    VOLATILE      shift, and go to state 10
    CHAR          shift, and go to state 11
    SHORT         shift, and go to state 12
    LONG          shift, and go to state 13
    SIGNED        shift, and go to state 14
    UNSIGNED      shift, and go to state 15
    VOID          shift, and go to state 16
    COMPLEX       shift, and go to state 17
    IMAGINARY     shift, and go to state 18
    STRUCT        shift, and go to state 19
    UNION         shift, and go to state 20
    ENUM          shift, and go to state 21
    DEFAULT       shift, and go to state 413
    ATOMIC        shift, and go to state 23
    INT           shift, and go to state 27
    FLOAT         shift, and go to state 28
    DOUBLE        shift, and go to state 29
    BOOL          shift, and go to state 30

    generic_assoc_list         go to state 414
    generic_association        go to state 415
    type_specifier             go to state 112
    struct_or_union_specifier  go to state 35
    struct_or_union            go to state 36
    specifier_qualifier_list   go to state 113
    enum_specifier             go to state 37
    atomic_type_specifier      go to state 38
    type_qualifier             go to state 114
    type_name                  go to state 416


State 357

   75 assignment_expression: unary_expression assignment_operator assignment_expression •

    $default  reduce using rule 75 (assignment_expression)


State 358

   88 expression: expression ',' assignment_expression •

    $default  reduce using rule 88 (expression)


State 359

   25 postfix_expression: '(' type_name ')' '{' • initializer_list '}'
   26                   | '(' type_name ')' '{' • initializer_list ',' '}'

    SIZEOF                shift, and go to state 74
    INC_OP                shift, and go to state 75
    DEC_OP                shift, and go to state 76
    ALIGNOF               shift, and go to state 77
    IDENTIFIER            shift, and go to state 78
    STRING_LITERAL        shift, and go to state 79
    ENUMERATION_CONSTANT  shift, and go to state 80
    FUNC_NAME             shift, and go to state 81
    GENERIC               shift, and go to state 82
    I_CONSTANT            shift, and go to state 83
    F_CONSTANT            shift, and go to state 84
    '('                   shift, and go to state 85
    '{'                   shift, and go to state 222
    '&'                   shift, and go to state 86
    '*'                   shift, and go to state 87
    '+'                   shift, and go to state 88
    '-'                   shift, and go to state 89
    '~'                   shift, and go to state 90
    '!'                   shift, and go to state 91

    primary_expression         go to state 92
    constant                   go to state 93
    string                     go to state 94
    generic_selection          go to state 95
    postfix_expression         go to state 96
    unary_expression           go to state 150
    unary_operator             go to state 98
    cast_expression            go to state 99
    multiplicative_expression  go to state 100
    additive_expression        go to state 101
    shift_expression           go to state 102
    relational_expression      go to state 103
    equality_expression        go to state 104
    and_expression             go to state 105
    exclusive_or_expression    go to state 106
    inclusive_or_expression    go to state 107
    logical_and_expression     go to state 108
    logical_or_expression      go to state 109
    conditional_expression     go to state 151
    assignment_expression      go to state 223
    initializer                go to state 329
    initializer_list           go to state 417


State 360

   43 cast_expression: '(' type_name ')' cast_expression •

    $default  reduce using rule 43 (cast_expression)


State 361

   20 postfix_expression: postfix_expression '(' argument_expression_list ')' •

    $default  reduce using rule 20 (postfix_expression)


State 362

   28 argument_expression_list: argument_expression_list ',' • assignment_expression

    SIZEOF                shift, and go to state 74
    INC_OP                shift, and go to state 75
    DEC_OP                shift, and go to state 76
    ALIGNOF               shift, and go to state 77
    IDENTIFIER            shift, and go to state 78
    STRING_LITERAL        shift, and go to state 79
    ENUMERATION_CONSTANT  shift, and go to state 80
    FUNC_NAME             shift, and go to state 81
    GENERIC               shift, and go to state 82
    I_CONSTANT            shift, and go to state 83
    F_CONSTANT            shift, and go to state 84
    '('                   shift, and go to state 85
    '&'                   shift, and go to state 86
    '*'                   shift, and go to state 87
    '+'                   shift, and go to state 88
    '-'                   shift, and go to state 89
    '~'                   shift, and go to state 90
    '!'                   shift, and go to state 91

    primary_expression         go to state 92
    constant                   go to state 93
    string                     go to state 94
    generic_selection          go to state 95
    postfix_expression         go to state 96
    unary_expression           go to state 150
    unary_operator             go to state 98
    cast_expression            go to state 99
    multiplicative_expression  go to state 100
    additive_expression        go to state 101
    shift_expression           go to state 102
    relational_expression      go to state 103
    equality_expression        go to state 104
    and_expression             go to state 105
    exclusive_or_expression    go to state 106
    inclusive_or_expression    go to state 107
    logical_and_expression     go to state 108
    logical_or_expression      go to state 109
    conditional_expression     go to state 151
    assignment_expression      go to state 418


State 363

   18 postfix_expression: postfix_expression '[' expression ']' •

    $default  reduce using rule 18 (postfix_expression)


State 364

   73 conditional_expression: logical_or_expression '?' expression ':' • conditional_expression

    SIZEOF                shift, and go to state 74
    INC_OP                shift, and go to state 75
    DEC_OP                shift, and go to state 76
    ALIGNOF               shift, and go to state 77
    IDENTIFIER            shift, and go to state 78
    STRING_LITERAL        shift, and go to state 79
    ENUMERATION_CONSTANT  shift, and go to state 80
    FUNC_NAME             shift, and go to state 81
    GENERIC               shift, and go to state 82
    I_CONSTANT            shift, and go to state 83
    F_CONSTANT            shift, and go to state 84
    '('                   shift, and go to state 85
    '&'                   shift, and go to state 86
    '*'                   shift, and go to state 87
    '+'                   shift, and go to state 88
    '-'                   shift, and go to state 89
    '~'                   shift, and go to state 90
    '!'                   shift, and go to state 91

    primary_expression         go to state 92
    constant                   go to state 93
    string                     go to state 94
    generic_selection          go to state 95
    postfix_expression         go to state 96
    unary_expression           go to state 97
    unary_operator             go to state 98
    cast_expression            go to state 99
    multiplicative_expression  go to state 100
    additive_expression        go to state 101
    shift_expression           go to state 102
    relational_expression      go to state 103
    equality_expression        go to state 104
    and_expression             go to state 105
    exclusive_or_expression    go to state 106
    inclusive_or_expression    go to state 107
    logical_and_expression     go to state 108
    logical_or_expression      go to state 109
    conditional_expression     go to state 419


State 365

  220 direct_abstract_declarator: '(' parameter_type_list ')' •

    $default  reduce using rule 220 (direct_abstract_declarator)


State 366

  202 direct_abstract_declarator: '(' abstract_declarator ')' •

    $default  reduce using rule 202 (direct_abstract_declarator)


State 367

  206 direct_abstract_declarator: '[' STATIC assignment_expression • ']'

    ']'  shift, and go to state 420


State 368

  187 type_qualifier_list: type_qualifier_list • type_qualifier
  205 direct_abstract_declarator: '[' STATIC type_qualifier_list • assignment_expression ']'

    SIZEOF                shift, and go to state 74
    INC_OP                shift, and go to state 75
    DEC_OP                shift, and go to state 76
    CONST                 shift, and go to state 8
    RESTRICT              shift, and go to state 9
    VOLATILE              shift, and go to state 10
    ALIGNOF               shift, and go to state 77
    ATOMIC                shift, and go to state 119
    IDENTIFIER            shift, and go to state 78
    STRING_LITERAL        shift, and go to state 79
    ENUMERATION_CONSTANT  shift, and go to state 80
    FUNC_NAME             shift, and go to state 81
    GENERIC               shift, and go to state 82
    I_CONSTANT            shift, and go to state 83
    F_CONSTANT            shift, and go to state 84
    '('                   shift, and go to state 85
    '&'                   shift, and go to state 86
    '*'                   shift, and go to state 87
    '+'                   shift, and go to state 88
    '-'                   shift, and go to state 89
    '~'                   shift, and go to state 90
    '!'                   shift, and go to state 91

    primary_expression         go to state 92
    constant                   go to state 93
    string                     go to state 94
    generic_selection          go to state 95
    postfix_expression         go to state 96
    unary_expression           go to state 150
    unary_operator             go to state 98
    cast_expression            go to state 99
    multiplicative_expression  go to state 100
    additive_expression        go to state 101
    shift_expression           go to state 102
    relational_expression      go to state 103
    equality_expression        go to state 104
    and_expression             go to state 105
    exclusive_or_expression    go to state 106
    inclusive_or_expression    go to state 107
    logical_and_expression     go to state 108
    logical_or_expression      go to state 109
    conditional_expression     go to state 151
    assignment_expression      go to state 421
    type_qualifier             go to state 193


State 369

  204 direct_abstract_declarator: '[' '*' ']' •

    $default  reduce using rule 204 (direct_abstract_declarator)


State 370

  210 direct_abstract_declarator: '[' assignment_expression ']' •

    $default  reduce using rule 210 (direct_abstract_declarator)


State 371

  207 direct_abstract_declarator: '[' type_qualifier_list STATIC • assignment_expression ']'

    SIZEOF                shift, and go to state 74
    INC_OP                shift, and go to state 75
    DEC_OP                shift, and go to state 76
    ALIGNOF               shift, and go to state 77
    IDENTIFIER            shift, and go to state 78
    STRING_LITERAL        shift, and go to state 79
    ENUMERATION_CONSTANT  shift, and go to state 80
    FUNC_NAME             shift, and go to state 81
    GENERIC               shift, and go to state 82
    I_CONSTANT            shift, and go to state 83
    F_CONSTANT            shift, and go to state 84
    '('                   shift, and go to state 85
    '&'                   shift, and go to state 86
    '*'                   shift, and go to state 87
    '+'                   shift, and go to state 88
    '-'                   shift, and go to state 89
    '~'                   shift, and go to state 90
    '!'                   shift, and go to state 91

    primary_expression         go to state 92
    constant                   go to state 93
    string                     go to state 94
    generic_selection          go to state 95
    postfix_expression         go to state 96
    unary_expression           go to state 150
    unary_operator             go to state 98
    cast_expression            go to state 99
    multiplicative_expression  go to state 100
    additive_expression        go to state 101
    shift_expression           go to state 102
    relational_expression      go to state 103
    equality_expression        go to state 104
    and_expression             go to state 105
    exclusive_or_expression    go to state 106
    inclusive_or_expression    go to state 107
    logical_and_expression     go to state 108
    logical_or_expression      go to state 109
    conditional_expression     go to state 151
    assignment_expression      go to state 422


State 372

  209 direct_abstract_declarator: '[' type_qualifier_list ']' •

    $default  reduce using rule 209 (direct_abstract_declarator)


State 373

  208 direct_abstract_declarator: '[' type_qualifier_list assignment_expression • ']'

    ']'  shift, and go to state 423


State 374

  221 direct_abstract_declarator: direct_abstract_declarator '(' ')' •

    $default  reduce using rule 221 (direct_abstract_declarator)


State 375

  222 direct_abstract_declarator: direct_abstract_declarator '(' parameter_type_list • ')'

    ')'  shift, and go to state 424


State 376

  213 direct_abstract_declarator: direct_abstract_declarator '[' STATIC • type_qualifier_list assignment_expression ']'
  214                           | direct_abstract_declarator '[' STATIC • assignment_expression ']'

    SIZEOF                shift, and go to state 74
    INC_OP                shift, and go to state 75
    DEC_OP                shift, and go to state 76
    CONST                 shift, and go to state 8
    RESTRICT              shift, and go to state 9
    VOLATILE              shift, and go to state 10
    ALIGNOF               shift, and go to state 77
    ATOMIC                shift, and go to state 119
    IDENTIFIER            shift, and go to state 78
    STRING_LITERAL        shift, and go to state 79
    ENUMERATION_CONSTANT  shift, and go to state 80
    FUNC_NAME             shift, and go to state 81
    GENERIC               shift, and go to state 82
    I_CONSTANT            shift, and go to state 83
    F_CONSTANT            shift, and go to state 84
    '('                   shift, and go to state 85
    '&'                   shift, and go to state 86
    '*'                   shift, and go to state 87
    '+'                   shift, and go to state 88
    '-'                   shift, and go to state 89
    '~'                   shift, and go to state 90
    '!'                   shift, and go to state 91

    primary_expression         go to state 92
    constant                   go to state 93
    string                     go to state 94
    generic_selection          go to state 95
    postfix_expression         go to state 96
    unary_expression           go to state 150
    unary_operator             go to state 98
    cast_expression            go to state 99
    multiplicative_expression  go to state 100
    additive_expression        go to state 101
    shift_expression           go to state 102
    relational_expression      go to state 103
    equality_expression        go to state 104
    and_expression             go to state 105
    exclusive_or_expression    go to state 106
    inclusive_or_expression    go to state 107
    logical_and_expression     go to state 108
    logical_or_expression      go to state 109
    conditional_expression     go to state 151
    assignment_expression      go to state 425
    type_qualifier             go to state 120
    type_qualifier_list        go to state 426


State 377

  211 direct_abstract_declarator: direct_abstract_declarator '[' ']' •

    $default  reduce using rule 211 (direct_abstract_declarator)


State 378

   37 unary_operator: '*' •
  212 direct_abstract_declarator: direct_abstract_declarator '[' '*' • ']'

    ']'  shift, and go to state 427

    $default  reduce using rule 37 (unary_operator)


State 379

  218 direct_abstract_declarator: direct_abstract_declarator '[' assignment_expression • ']'

    ']'  shift, and go to state 428


State 380

  187 type_qualifier_list: type_qualifier_list • type_qualifier
  215 direct_abstract_declarator: direct_abstract_declarator '[' type_qualifier_list • assignment_expression ']'
  216                           | direct_abstract_declarator '[' type_qualifier_list • STATIC assignment_expression ']'
  217                           | direct_abstract_declarator '[' type_qualifier_list • ']'

    SIZEOF                shift, and go to state 74
    INC_OP                shift, and go to state 75
    DEC_OP                shift, and go to state 76
    STATIC                shift, and go to state 429
    CONST                 shift, and go to state 8
    RESTRICT              shift, and go to state 9
    VOLATILE              shift, and go to state 10
    ALIGNOF               shift, and go to state 77
    ATOMIC                shift, and go to state 119
    IDENTIFIER            shift, and go to state 78
    STRING_LITERAL        shift, and go to state 79
    ENUMERATION_CONSTANT  shift, and go to state 80
    FUNC_NAME             shift, and go to state 81
    GENERIC               shift, and go to state 82
    I_CONSTANT            shift, and go to state 83
    F_CONSTANT            shift, and go to state 84
    '('                   shift, and go to state 85
    ']'                   shift, and go to state 430
    '&'                   shift, and go to state 86
    '*'                   shift, and go to state 87
    '+'                   shift, and go to state 88
    '-'                   shift, and go to state 89
    '~'                   shift, and go to state 90
    '!'                   shift, and go to state 91

    primary_expression         go to state 92
    constant                   go to state 93
    string                     go to state 94
    generic_selection          go to state 95
    postfix_expression         go to state 96
    unary_expression           go to state 150
    unary_operator             go to state 98
    cast_expression            go to state 99
    multiplicative_expression  go to state 100
    additive_expression        go to state 101
    shift_expression           go to state 102
    relational_expression      go to state 103
    equality_expression        go to state 104
    and_expression             go to state 105
    exclusive_or_expression    go to state 106
    inclusive_or_expression    go to state 107
    logical_and_expression     go to state 108
    logical_or_expression      go to state 109
    conditional_expression     go to state 151
    assignment_expression      go to state 431
    type_qualifier             go to state 193


State 381

  227 static_assert_declaration: STATIC_ASSERT '(' constant_expression ',' STRING_LITERAL ')' • ';'

    ';'  shift, and go to state 432


State 382

  235 labeled_statement: CASE constant_expression ':' • statement

    SIZEOF                shift, and go to state 74
    INC_OP                shift, and go to state 75
    DEC_OP                shift, and go to state 76
    CASE                  shift, and go to state 197
    DEFAULT               shift, and go to state 198
    IF                    shift, and go to state 199
    SWITCH                shift, and go to state 200
    WHILE                 shift, and go to state 201
    DO                    shift, and go to state 202
    FOR                   shift, and go to state 203
    GOTO                  shift, and go to state 204
    CONTINUE              shift, and go to state 205
    BREAK                 shift, and go to state 206
    RETURN                shift, and go to state 207
    ALIGNOF               shift, and go to state 77
    IDENTIFIER            shift, and go to state 208
    STRING_LITERAL        shift, and go to state 79
    ENUMERATION_CONSTANT  shift, and go to state 80
    FUNC_NAME             shift, and go to state 81
    GENERIC               shift, and go to state 82
    I_CONSTANT            shift, and go to state 83
    F_CONSTANT            shift, and go to state 84
    '('                   shift, and go to state 85
    '{'                   shift, and go to state 125
    '&'                   shift, and go to state 86
    '*'                   shift, and go to state 87
    '+'                   shift, and go to state 88
    '-'                   shift, and go to state 89
    '~'                   shift, and go to state 90
    '!'                   shift, and go to state 91
    ';'                   shift, and go to state 210

    primary_expression         go to state 92
    constant                   go to state 93
    string                     go to state 94
    generic_selection          go to state 95
    postfix_expression         go to state 96
    unary_expression           go to state 150
    unary_operator             go to state 98
    cast_expression            go to state 99
    multiplicative_expression  go to state 100
    additive_expression        go to state 101
    shift_expression           go to state 102
    relational_expression      go to state 103
    equality_expression        go to state 104
    and_expression             go to state 105
    exclusive_or_expression    go to state 106
    inclusive_or_expression    go to state 107
    logical_and_expression     go to state 108
    logical_or_expression      go to state 109
    conditional_expression     go to state 151
    assignment_expression      go to state 152
    expression                 go to state 211
    statement                  go to state 433
    labeled_statement          go to state 214
    compound_statement         go to state 215
    expression_statement       go to state 218
    selection_statement        go to state 219
    iteration_statement        go to state 220
    jump_statement             go to state 221


State 383

  236 labeled_statement: DEFAULT ':' statement •

    $default  reduce using rule 236 (labeled_statement)


State 384

    4 primary_expression: '(' expression • ')'
   88 expression: expression • ',' assignment_expression
  245 selection_statement: IF '(' expression • ')' statement ELSE statement
  246                    | IF '(' expression • ')' statement

    ')'  shift, and go to state 434
    ','  shift, and go to state 269


State 385

  247 selection_statement: IF expression compound_statement • ELSE compound_statement
  248                    | IF expression compound_statement •

    ELSE  shift, and go to state 435

    ELSE      [reduce using rule 248 (selection_statement)]
    $default  reduce using rule 248 (selection_statement)


State 386

    4 primary_expression: '(' expression • ')'
   88 expression: expression • ',' assignment_expression
  249 selection_statement: SWITCH '(' expression • ')' statement

    ')'  shift, and go to state 436
    ','  shift, and go to state 269


State 387

  250 selection_statement: SWITCH expression compound_statement •

    $default  reduce using rule 250 (selection_statement)


State 388

    4 primary_expression: '(' expression • ')'
   88 expression: expression • ',' assignment_expression
  251 iteration_statement: WHILE '(' expression • ')' statement

    ')'  shift, and go to state 437
    ','  shift, and go to state 269


State 389

  252 iteration_statement: WHILE expression compound_statement •

    $default  reduce using rule 252 (iteration_statement)


State 390

  253 iteration_statement: DO statement WHILE • '(' expression ')' ';'

    '('  shift, and go to state 438


State 391

    4 primary_expression: '(' expression • ')'
   88 expression: expression • ',' assignment_expression
  244 expression_statement: expression • ';'

    ')'  shift, and go to state 268
    ','  shift, and go to state 269
    ';'  shift, and go to state 326


State 392

  260 iteration_statement: FOR '(' declaration • expression_statement ')' statement
  261                    | FOR '(' declaration • expression_statement expression ')' statement

    SIZEOF                shift, and go to state 74
    INC_OP                shift, and go to state 75
    DEC_OP                shift, and go to state 76
    ALIGNOF               shift, and go to state 77
    IDENTIFIER            shift, and go to state 78
    STRING_LITERAL        shift, and go to state 79
    ENUMERATION_CONSTANT  shift, and go to state 80
    FUNC_NAME             shift, and go to state 81
    GENERIC               shift, and go to state 82
    I_CONSTANT            shift, and go to state 83
    F_CONSTANT            shift, and go to state 84
    '('                   shift, and go to state 85
    '&'                   shift, and go to state 86
    '*'                   shift, and go to state 87
    '+'                   shift, and go to state 88
    '-'                   shift, and go to state 89
    '~'                   shift, and go to state 90
    '!'                   shift, and go to state 91
    ';'                   shift, and go to state 210

    primary_expression         go to state 92
    constant                   go to state 93
    string                     go to state 94
    generic_selection          go to state 95
    postfix_expression         go to state 96
    unary_expression           go to state 150
    unary_operator             go to state 98
    cast_expression            go to state 99
    multiplicative_expression  go to state 100
    additive_expression        go to state 101
    shift_expression           go to state 102
    relational_expression      go to state 103
    equality_expression        go to state 104
    and_expression             go to state 105
    exclusive_or_expression    go to state 106
    inclusive_or_expression    go to state 107
    logical_and_expression     go to state 108
    logical_or_expression      go to state 109
    conditional_expression     go to state 151
    assignment_expression      go to state 152
    expression                 go to state 211
    expression_statement       go to state 439


State 393

   95 declaration_specifiers: type_specifier • declaration_specifiers
   96                       | type_specifier •
  139 specifier_qualifier_list: type_specifier • specifier_qualifier_list
  140                         | type_specifier •

    TYPEDEF_NAME  shift, and go to state 1
    TYPEDEF       shift, and go to state 2
    EXTERN        shift, and go to state 3
    STATIC        shift, and go to state 4
    AUTO          shift, and go to state 5
    REGISTER      shift, and go to state 6
    INLINE        shift, and go to state 7
    CONST         shift, and go to state 8
    RESTRICT      shift, and go to state 9
    VOLATILE      shift, and go to state 10
    CHAR          shift, and go to state 11
    SHORT         shift, and go to state 12
    LONG          shift, and go to state 13
    SIGNED        shift, and go to state 14
    UNSIGNED      shift, and go to state 15
    VOID          shift, and go to state 16
    COMPLEX       shift, and go to state 17
    IMAGINARY     shift, and go to state 18
    STRUCT        shift, and go to state 19
    UNION         shift, and go to state 20
    ENUM          shift, and go to state 21
    ALIGNAS       shift, and go to state 22
    ATOMIC        shift, and go to state 23
    NORETURN      shift, and go to state 24
    THREAD_LOCAL  shift, and go to state 26
    INT           shift, and go to state 27
    FLOAT         shift, and go to state 28
    DOUBLE        shift, and go to state 29
    BOOL          shift, and go to state 30

    '('       reduce using rule 96 (declaration_specifiers)
    '('       [reduce using rule 140 (specifier_qualifier_list)]
    ')'       reduce using rule 140 (specifier_qualifier_list)
    '['       reduce using rule 140 (specifier_qualifier_list)
    '*'       reduce using rule 96 (declaration_specifiers)
    '*'       [reduce using rule 140 (specifier_qualifier_list)]
    $default  reduce using rule 96 (declaration_specifiers)

    declaration_specifiers     go to state 61
    storage_class_specifier    go to state 33
    type_specifier             go to state 393
    struct_or_union_specifier  go to state 35
    struct_or_union            go to state 36
    specifier_qualifier_list   go to state 182
    enum_specifier             go to state 37
    atomic_type_specifier      go to state 38
    type_qualifier             go to state 394
    function_specifier         go to state 40
    alignment_specifier        go to state 41


State 394

   97 declaration_specifiers: type_qualifier • declaration_specifiers
   98                       | type_qualifier •
  141 specifier_qualifier_list: type_qualifier • specifier_qualifier_list
  142                         | type_qualifier •

    TYPEDEF_NAME  shift, and go to state 1
    TYPEDEF       shift, and go to state 2
    EXTERN        shift, and go to state 3
    STATIC        shift, and go to state 4
    AUTO          shift, and go to state 5
    REGISTER      shift, and go to state 6
    INLINE        shift, and go to state 7
    CONST         shift, and go to state 8
    RESTRICT      shift, and go to state 9
    VOLATILE      shift, and go to state 10
    CHAR          shift, and go to state 11
    SHORT         shift, and go to state 12
    LONG          shift, and go to state 13
    SIGNED        shift, and go to state 14
    UNSIGNED      shift, and go to state 15
    VOID          shift, and go to state 16
    COMPLEX       shift, and go to state 17
    IMAGINARY     shift, and go to state 18
    STRUCT        shift, and go to state 19
    UNION         shift, and go to state 20
    ENUM          shift, and go to state 21
    ALIGNAS       shift, and go to state 22
    ATOMIC        shift, and go to state 23
    NORETURN      shift, and go to state 24
    THREAD_LOCAL  shift, and go to state 26
    INT           shift, and go to state 27
    FLOAT         shift, and go to state 28
    DOUBLE        shift, and go to state 29
    BOOL          shift, and go to state 30

    '('       reduce using rule 98 (declaration_specifiers)
    '('       [reduce using rule 142 (specifier_qualifier_list)]
    ')'       reduce using rule 142 (specifier_qualifier_list)
    '['       reduce using rule 142 (specifier_qualifier_list)
    '*'       reduce using rule 98 (declaration_specifiers)
    '*'       [reduce using rule 142 (specifier_qualifier_list)]
    $default  reduce using rule 98 (declaration_specifiers)

    declaration_specifiers     go to state 64
    storage_class_specifier    go to state 33
    type_specifier             go to state 393
    struct_or_union_specifier  go to state 35
    struct_or_union            go to state 36
    specifier_qualifier_list   go to state 188
    enum_specifier             go to state 37
    atomic_type_specifier      go to state 38
    type_qualifier             go to state 394
    function_specifier         go to state 40
    alignment_specifier        go to state 41


State 395

  258 iteration_statement: FOR '(' expression_statement • expression_statement ')' statement
  259                    | FOR '(' expression_statement • expression_statement expression ')' statement

    SIZEOF                shift, and go to state 74
    INC_OP                shift, and go to state 75
    DEC_OP                shift, and go to state 76
    ALIGNOF               shift, and go to state 77
    IDENTIFIER            shift, and go to state 78
    STRING_LITERAL        shift, and go to state 79
    ENUMERATION_CONSTANT  shift, and go to state 80
    FUNC_NAME             shift, and go to state 81
    GENERIC               shift, and go to state 82
    I_CONSTANT            shift, and go to state 83
    F_CONSTANT            shift, and go to state 84
    '('                   shift, and go to state 85
    '&'                   shift, and go to state 86
    '*'                   shift, and go to state 87
    '+'                   shift, and go to state 88
    '-'                   shift, and go to state 89
    '~'                   shift, and go to state 90
    '!'                   shift, and go to state 91
    ';'                   shift, and go to state 210

    primary_expression         go to state 92
    constant                   go to state 93
    string                     go to state 94
    generic_selection          go to state 95
    postfix_expression         go to state 96
    unary_expression           go to state 150
    unary_operator             go to state 98
    cast_expression            go to state 99
    multiplicative_expression  go to state 100
    additive_expression        go to state 101
    shift_expression           go to state 102
    relational_expression      go to state 103
    equality_expression        go to state 104
    and_expression             go to state 105
    exclusive_or_expression    go to state 106
    inclusive_or_expression    go to state 107
    logical_and_expression     go to state 108
    logical_or_expression      go to state 109
    conditional_expression     go to state 151
    assignment_expression      go to state 152
    expression                 go to state 211
    expression_statement       go to state 440


State 396

  256 iteration_statement: FOR declaration expression_statement • expression compound_statement
  257                    | FOR declaration expression_statement • compound_statement

    SIZEOF                shift, and go to state 74
    INC_OP                shift, and go to state 75
    DEC_OP                shift, and go to state 76
    ALIGNOF               shift, and go to state 77
    IDENTIFIER            shift, and go to state 78
    STRING_LITERAL        shift, and go to state 79
    ENUMERATION_CONSTANT  shift, and go to state 80
    FUNC_NAME             shift, and go to state 81
    GENERIC               shift, and go to state 82
    I_CONSTANT            shift, and go to state 83
    F_CONSTANT            shift, and go to state 84
    '('                   shift, and go to state 85
    '{'                   shift, and go to state 125
    '&'                   shift, and go to state 86
    '*'                   shift, and go to state 87
    '+'                   shift, and go to state 88
    '-'                   shift, and go to state 89
    '~'                   shift, and go to state 90
    '!'                   shift, and go to state 91

    primary_expression         go to state 92
    constant                   go to state 93
    string                     go to state 94
    generic_selection          go to state 95
    postfix_expression         go to state 96
    unary_expression           go to state 150
    unary_operator             go to state 98
    cast_expression            go to state 99
    multiplicative_expression  go to state 100
    additive_expression        go to state 101
    shift_expression           go to state 102
    relational_expression      go to state 103
    equality_expression        go to state 104
    and_expression             go to state 105
    exclusive_or_expression    go to state 106
    inclusive_or_expression    go to state 107
    logical_and_expression     go to state 108
    logical_or_expression      go to state 109
    conditional_expression     go to state 151
    assignment_expression      go to state 152
    expression                 go to state 441
    compound_statement         go to state 442


State 397

  254 iteration_statement: FOR expression_statement expression_statement • compound_statement
  255                    | FOR expression_statement expression_statement • expression_statement compound_statement

    SIZEOF                shift, and go to state 74
    INC_OP                shift, and go to state 75
    DEC_OP                shift, and go to state 76
    ALIGNOF               shift, and go to state 77
    IDENTIFIER            shift, and go to state 78
    STRING_LITERAL        shift, and go to state 79
    ENUMERATION_CONSTANT  shift, and go to state 80
    FUNC_NAME             shift, and go to state 81
    GENERIC               shift, and go to state 82
    I_CONSTANT            shift, and go to state 83
    F_CONSTANT            shift, and go to state 84
    '('                   shift, and go to state 85
    '{'                   shift, and go to state 125
    '&'                   shift, and go to state 86
    '*'                   shift, and go to state 87
    '+'                   shift, and go to state 88
    '-'                   shift, and go to state 89
    '~'                   shift, and go to state 90
    '!'                   shift, and go to state 91
    ';'                   shift, and go to state 210

    primary_expression         go to state 92
    constant                   go to state 93
    string                     go to state 94
    generic_selection          go to state 95
    postfix_expression         go to state 96
    unary_expression           go to state 150
    unary_operator             go to state 98
    cast_expression            go to state 99
    multiplicative_expression  go to state 100
    additive_expression        go to state 101
    shift_expression           go to state 102
    relational_expression      go to state 103
    equality_expression        go to state 104
    and_expression             go to state 105
    exclusive_or_expression    go to state 106
    inclusive_or_expression    go to state 107
    logical_and_expression     go to state 108
    logical_or_expression      go to state 109
    conditional_expression     go to state 151
    assignment_expression      go to state 152
    expression                 go to state 211
    compound_statement         go to state 443
    expression_statement       go to state 444


State 398

  262 jump_statement: GOTO IDENTIFIER ';' •

    $default  reduce using rule 262 (jump_statement)


State 399

  266 jump_statement: RETURN expression ';' •

    $default  reduce using rule 266 (jump_statement)


State 400

  234 labeled_statement: IDENTIFIER ':' statement •

    $default  reduce using rule 234 (labeled_statement)


State 401

  224 initializer: '{' initializer_list ',' • '}'

    '}'  shift, and go to state 445


State 402

  223 initializer: '{' initializer_list '}' •

    $default  reduce using rule 223 (initializer)


State 403

  188 parameter_type_list: parameter_list ',' ELLIPSIS •

    $default  reduce using rule 188 (parameter_type_list)


State 404

  191 parameter_list: parameter_list ',' parameter_declaration •

    $default  reduce using rule 191 (parameter_list)


State 405

  196 identifier_list: identifier_list ',' IDENTIFIER •

    $default  reduce using rule 196 (identifier_list)


State 406

  173 direct_declarator: direct_declarator '[' STATIC assignment_expression ']' •

    $default  reduce using rule 173 (direct_declarator)


State 407

  172 direct_declarator: direct_declarator '[' STATIC type_qualifier_list assignment_expression • ']'

    ']'  shift, and go to state 446


State 408

  175 direct_declarator: direct_declarator '[' type_qualifier_list STATIC assignment_expression • ']'

    ']'  shift, and go to state 447


State 409

  174 direct_declarator: direct_declarator '[' type_qualifier_list '*' ']' •

    $default  reduce using rule 174 (direct_declarator)


State 410

  176 direct_declarator: direct_declarator '[' type_qualifier_list assignment_expression ']' •

    $default  reduce using rule 176 (direct_declarator)


State 411

  144 struct_declarator_list: struct_declarator_list ',' struct_declarator •

    $default  reduce using rule 144 (struct_declarator_list)


State 412

  146 struct_declarator: declarator ':' constant_expression •

    $default  reduce using rule 146 (struct_declarator)


State 413

   16 generic_association: DEFAULT • ':' assignment_expression

    ':'  shift, and go to state 448


State 414

   12 generic_selection: GENERIC '(' assignment_expression ',' generic_assoc_list • ')'
   14 generic_assoc_list: generic_assoc_list • ',' generic_association

    ')'  shift, and go to state 449
    ','  shift, and go to state 450


State 415

   13 generic_assoc_list: generic_association •

    $default  reduce using rule 13 (generic_assoc_list)


State 416

   15 generic_association: type_name • ':' assignment_expression

    ':'  shift, and go to state 451


State 417

   25 postfix_expression: '(' type_name ')' '{' initializer_list • '}'
   26                   | '(' type_name ')' '{' initializer_list • ',' '}'

    ','  shift, and go to state 452
    '}'  shift, and go to state 453


State 418

   28 argument_expression_list: argument_expression_list ',' assignment_expression •

    $default  reduce using rule 28 (argument_expression_list)


State 419

   73 conditional_expression: logical_or_expression '?' expression ':' conditional_expression •

    $default  reduce using rule 73 (conditional_expression)


State 420

  206 direct_abstract_declarator: '[' STATIC assignment_expression ']' •

    $default  reduce using rule 206 (direct_abstract_declarator)


State 421

  205 direct_abstract_declarator: '[' STATIC type_qualifier_list assignment_expression • ']'

    ']'  shift, and go to state 454


State 422

  207 direct_abstract_declarator: '[' type_qualifier_list STATIC assignment_expression • ']'

    ']'  shift, and go to state 455


State 423

  208 direct_abstract_declarator: '[' type_qualifier_list assignment_expression ']' •

    $default  reduce using rule 208 (direct_abstract_declarator)


State 424

  222 direct_abstract_declarator: direct_abstract_declarator '(' parameter_type_list ')' •

    $default  reduce using rule 222 (direct_abstract_declarator)


State 425

  214 direct_abstract_declarator: direct_abstract_declarator '[' STATIC assignment_expression • ']'

    ']'  shift, and go to state 456


State 426

  187 type_qualifier_list: type_qualifier_list • type_qualifier
  213 direct_abstract_declarator: direct_abstract_declarator '[' STATIC type_qualifier_list • assignment_expression ']'

    SIZEOF                shift, and go to state 74
    INC_OP                shift, and go to state 75
    DEC_OP                shift, and go to state 76
    CONST                 shift, and go to state 8
    RESTRICT              shift, and go to state 9
    VOLATILE              shift, and go to state 10
    ALIGNOF               shift, and go to state 77
    ATOMIC                shift, and go to state 119
    IDENTIFIER            shift, and go to state 78
    STRING_LITERAL        shift, and go to state 79
    ENUMERATION_CONSTANT  shift, and go to state 80
    FUNC_NAME             shift, and go to state 81
    GENERIC               shift, and go to state 82
    I_CONSTANT            shift, and go to state 83
    F_CONSTANT            shift, and go to state 84
    '('                   shift, and go to state 85
    '&'                   shift, and go to state 86
    '*'                   shift, and go to state 87
    '+'                   shift, and go to state 88
    '-'                   shift, and go to state 89
    '~'                   shift, and go to state 90
    '!'                   shift, and go to state 91

    primary_expression         go to state 92
    constant                   go to state 93
    string                     go to state 94
    generic_selection          go to state 95
    postfix_expression         go to state 96
    unary_expression           go to state 150
    unary_operator             go to state 98
    cast_expression            go to state 99
    multiplicative_expression  go to state 100
    additive_expression        go to state 101
    shift_expression           go to state 102
    relational_expression      go to state 103
    equality_expression        go to state 104
    and_expression             go to state 105
    exclusive_or_expression    go to state 106
    inclusive_or_expression    go to state 107
    logical_and_expression     go to state 108
    logical_or_expression      go to state 109
    conditional_expression     go to state 151
    assignment_expression      go to state 457
    type_qualifier             go to state 193


State 427

  212 direct_abstract_declarator: direct_abstract_declarator '[' '*' ']' •

    $default  reduce using rule 212 (direct_abstract_declarator)


State 428

  218 direct_abstract_declarator: direct_abstract_declarator '[' assignment_expression ']' •

    $default  reduce using rule 218 (direct_abstract_declarator)


State 429

  216 direct_abstract_declarator: direct_abstract_declarator '[' type_qualifier_list STATIC • assignment_expression ']'

    SIZEOF                shift, and go to state 74
    INC_OP                shift, and go to state 75
    DEC_OP                shift, and go to state 76
    ALIGNOF               shift, and go to state 77
    IDENTIFIER            shift, and go to state 78
    STRING_LITERAL        shift, and go to state 79
    ENUMERATION_CONSTANT  shift, and go to state 80
    FUNC_NAME             shift, and go to state 81
    GENERIC               shift, and go to state 82
    I_CONSTANT            shift, and go to state 83
    F_CONSTANT            shift, and go to state 84
    '('                   shift, and go to state 85
    '&'                   shift, and go to state 86
    '*'                   shift, and go to state 87
    '+'                   shift, and go to state 88
    '-'                   shift, and go to state 89
    '~'                   shift, and go to state 90
    '!'                   shift, and go to state 91

    primary_expression         go to state 92
    constant                   go to state 93
    string                     go to state 94
    generic_selection          go to state 95
    postfix_expression         go to state 96
    unary_expression           go to state 150
    unary_operator             go to state 98
    cast_expression            go to state 99
    multiplicative_expression  go to state 100
    additive_expression        go to state 101
    shift_expression           go to state 102
    relational_expression      go to state 103
    equality_expression        go to state 104
    and_expression             go to state 105
    exclusive_or_expression    go to state 106
    inclusive_or_expression    go to state 107
    logical_and_expression     go to state 108
    logical_or_expression      go to state 109
    conditional_expression     go to state 151
    assignment_expression      go to state 458


State 430

  217 direct_abstract_declarator: direct_abstract_declarator '[' type_qualifier_list ']' •

    $default  reduce using rule 217 (direct_abstract_declarator)


State 431

  215 direct_abstract_declarator: direct_abstract_declarator '[' type_qualifier_list assignment_expression • ']'

    ']'  shift, and go to state 459


State 432

  227 static_assert_declaration: STATIC_ASSERT '(' constant_expression ',' STRING_LITERAL ')' ';' •

    $default  reduce using rule 227 (static_assert_declaration)


State 433

  235 labeled_statement: CASE constant_expression ':' statement •

    $default  reduce using rule 235 (labeled_statement)


State 434

    4 primary_expression: '(' expression ')' •
  245 selection_statement: IF '(' expression ')' • statement ELSE statement
  246                    | IF '(' expression ')' • statement

    SIZEOF                shift, and go to state 74
    INC_OP                shift, and go to state 75
    DEC_OP                shift, and go to state 76
    CASE                  shift, and go to state 197
    DEFAULT               shift, and go to state 198
    IF                    shift, and go to state 199
    SWITCH                shift, and go to state 200
    WHILE                 shift, and go to state 201
    DO                    shift, and go to state 202
    FOR                   shift, and go to state 203
    GOTO                  shift, and go to state 204
    CONTINUE              shift, and go to state 205
    BREAK                 shift, and go to state 206
    RETURN                shift, and go to state 207
    ALIGNOF               shift, and go to state 77
    IDENTIFIER            shift, and go to state 208
    STRING_LITERAL        shift, and go to state 79
    ENUMERATION_CONSTANT  shift, and go to state 80
    FUNC_NAME             shift, and go to state 81
    GENERIC               shift, and go to state 82
    I_CONSTANT            shift, and go to state 83
    F_CONSTANT            shift, and go to state 84
    '('                   shift, and go to state 85
    '{'                   shift, and go to state 125
    '&'                   shift, and go to state 86
    '*'                   shift, and go to state 87
    '+'                   shift, and go to state 88
    '-'                   shift, and go to state 89
    '~'                   shift, and go to state 90
    '!'                   shift, and go to state 91
    ';'                   shift, and go to state 210

    INC_OP    [reduce using rule 4 (primary_expression)]
    DEC_OP    [reduce using rule 4 (primary_expression)]
    '('       [reduce using rule 4 (primary_expression)]
    '{'       [reduce using rule 4 (primary_expression)]
    '&'       [reduce using rule 4 (primary_expression)]
    '*'       [reduce using rule 4 (primary_expression)]
    '+'       [reduce using rule 4 (primary_expression)]
    '-'       [reduce using rule 4 (primary_expression)]
    $default  reduce using rule 4 (primary_expression)

    primary_expression         go to state 92
    constant                   go to state 93
    string                     go to state 94
    generic_selection          go to state 95
    postfix_expression         go to state 96
    unary_expression           go to state 150
    unary_operator             go to state 98
    cast_expression            go to state 99
    multiplicative_expression  go to state 100
    additive_expression        go to state 101
    shift_expression           go to state 102
    relational_expression      go to state 103
    equality_expression        go to state 104
    and_expression             go to state 105
    exclusive_or_expression    go to state 106
    inclusive_or_expression    go to state 107
    logical_and_expression     go to state 108
    logical_or_expression      go to state 109
    conditional_expression     go to state 151
    assignment_expression      go to state 152
    expression                 go to state 211
    statement                  go to state 460
    labeled_statement          go to state 214
    compound_statement         go to state 215
    expression_statement       go to state 218
    selection_statement        go to state 219
    iteration_statement        go to state 220
    jump_statement             go to state 221


State 435

  247 selection_statement: IF expression compound_statement ELSE • compound_statement

    '{'  shift, and go to state 125

    compound_statement  go to state 461


State 436

    4 primary_expression: '(' expression ')' •
  249 selection_statement: SWITCH '(' expression ')' • statement

    SIZEOF                shift, and go to state 74
    INC_OP                shift, and go to state 75
    DEC_OP                shift, and go to state 76
    CASE                  shift, and go to state 197
    DEFAULT               shift, and go to state 198
    IF                    shift, and go to state 199
    SWITCH                shift, and go to state 200
    WHILE                 shift, and go to state 201
    DO                    shift, and go to state 202
    FOR                   shift, and go to state 203
    GOTO                  shift, and go to state 204
    CONTINUE              shift, and go to state 205
    BREAK                 shift, and go to state 206
    RETURN                shift, and go to state 207
    ALIGNOF               shift, and go to state 77
    IDENTIFIER            shift, and go to state 208
    STRING_LITERAL        shift, and go to state 79
    ENUMERATION_CONSTANT  shift, and go to state 80
    FUNC_NAME             shift, and go to state 81
    GENERIC               shift, and go to state 82
    I_CONSTANT            shift, and go to state 83
    F_CONSTANT            shift, and go to state 84
    '('                   shift, and go to state 85
    '{'                   shift, and go to state 125
    '&'                   shift, and go to state 86
    '*'                   shift, and go to state 87
    '+'                   shift, and go to state 88
    '-'                   shift, and go to state 89
    '~'                   shift, and go to state 90
    '!'                   shift, and go to state 91
    ';'                   shift, and go to state 210

    INC_OP    [reduce using rule 4 (primary_expression)]
    DEC_OP    [reduce using rule 4 (primary_expression)]
    '('       [reduce using rule 4 (primary_expression)]
    '{'       [reduce using rule 4 (primary_expression)]
    '&'       [reduce using rule 4 (primary_expression)]
    '*'       [reduce using rule 4 (primary_expression)]
    '+'       [reduce using rule 4 (primary_expression)]
    '-'       [reduce using rule 4 (primary_expression)]
    $default  reduce using rule 4 (primary_expression)

    primary_expression         go to state 92
    constant                   go to state 93
    string                     go to state 94
    generic_selection          go to state 95
    postfix_expression         go to state 96
    unary_expression           go to state 150
    unary_operator             go to state 98
    cast_expression            go to state 99
    multiplicative_expression  go to state 100
    additive_expression        go to state 101
    shift_expression           go to state 102
    relational_expression      go to state 103
    equality_expression        go to state 104
    and_expression             go to state 105
    exclusive_or_expression    go to state 106
    inclusive_or_expression    go to state 107
    logical_and_expression     go to state 108
    logical_or_expression      go to state 109
    conditional_expression     go to state 151
    assignment_expression      go to state 152
    expression                 go to state 211
    statement                  go to state 462
    labeled_statement          go to state 214
    compound_statement         go to state 215
    expression_statement       go to state 218
    selection_statement        go to state 219
    iteration_statement        go to state 220
    jump_statement             go to state 221


State 437

    4 primary_expression: '(' expression ')' •
  251 iteration_statement: WHILE '(' expression ')' • statement

    SIZEOF                shift, and go to state 74
    INC_OP                shift, and go to state 75
    DEC_OP                shift, and go to state 76
    CASE                  shift, and go to state 197
    DEFAULT               shift, and go to state 198
    IF                    shift, and go to state 199
    SWITCH                shift, and go to state 200
    WHILE                 shift, and go to state 201
    DO                    shift, and go to state 202
    FOR                   shift, and go to state 203
    GOTO                  shift, and go to state 204
    CONTINUE              shift, and go to state 205
    BREAK                 shift, and go to state 206
    RETURN                shift, and go to state 207
    ALIGNOF               shift, and go to state 77
    IDENTIFIER            shift, and go to state 208
    STRING_LITERAL        shift, and go to state 79
    ENUMERATION_CONSTANT  shift, and go to state 80
    FUNC_NAME             shift, and go to state 81
    GENERIC               shift, and go to state 82
    I_CONSTANT            shift, and go to state 83
    F_CONSTANT            shift, and go to state 84
    '('                   shift, and go to state 85
    '{'                   shift, and go to state 125
    '&'                   shift, and go to state 86
    '*'                   shift, and go to state 87
    '+'                   shift, and go to state 88
    '-'                   shift, and go to state 89
    '~'                   shift, and go to state 90
    '!'                   shift, and go to state 91
    ';'                   shift, and go to state 210

    INC_OP    [reduce using rule 4 (primary_expression)]
    DEC_OP    [reduce using rule 4 (primary_expression)]
    '('       [reduce using rule 4 (primary_expression)]
    '{'       [reduce using rule 4 (primary_expression)]
    '&'       [reduce using rule 4 (primary_expression)]
    '*'       [reduce using rule 4 (primary_expression)]
    '+'       [reduce using rule 4 (primary_expression)]
    '-'       [reduce using rule 4 (primary_expression)]
    $default  reduce using rule 4 (primary_expression)

    primary_expression         go to state 92
    constant                   go to state 93
    string                     go to state 94
    generic_selection          go to state 95
    postfix_expression         go to state 96
    unary_expression           go to state 150
    unary_operator             go to state 98
    cast_expression            go to state 99
    multiplicative_expression  go to state 100
    additive_expression        go to state 101
    shift_expression           go to state 102
    relational_expression      go to state 103
    equality_expression        go to state 104
    and_expression             go to state 105
    exclusive_or_expression    go to state 106
    inclusive_or_expression    go to state 107
    logical_and_expression     go to state 108
    logical_or_expression      go to state 109
    conditional_expression     go to state 151
    assignment_expression      go to state 152
    expression                 go to state 211
    statement                  go to state 463
    labeled_statement          go to state 214
    compound_statement         go to state 215
    expression_statement       go to state 218
    selection_statement        go to state 219
    iteration_statement        go to state 220
    jump_statement             go to state 221


State 438

  253 iteration_statement: DO statement WHILE '(' • expression ')' ';'

    SIZEOF                shift, and go to state 74
    INC_OP                shift, and go to state 75
    DEC_OP                shift, and go to state 76
    ALIGNOF               shift, and go to state 77
    IDENTIFIER            shift, and go to state 78
    STRING_LITERAL        shift, and go to state 79
    ENUMERATION_CONSTANT  shift, and go to state 80
    FUNC_NAME             shift, and go to state 81
    GENERIC               shift, and go to state 82
    I_CONSTANT            shift, and go to state 83
    F_CONSTANT            shift, and go to state 84
    '('                   shift, and go to state 85
    '&'                   shift, and go to state 86
    '*'                   shift, and go to state 87
    '+'                   shift, and go to state 88
    '-'                   shift, and go to state 89
    '~'                   shift, and go to state 90
    '!'                   shift, and go to state 91

    primary_expression         go to state 92
    constant                   go to state 93
    string                     go to state 94
    generic_selection          go to state 95
    postfix_expression         go to state 96
    unary_expression           go to state 150
    unary_operator             go to state 98
    cast_expression            go to state 99
    multiplicative_expression  go to state 100
    additive_expression        go to state 101
    shift_expression           go to state 102
    relational_expression      go to state 103
    equality_expression        go to state 104
    and_expression             go to state 105
    exclusive_or_expression    go to state 106
    inclusive_or_expression    go to state 107
    logical_and_expression     go to state 108
    logical_or_expression      go to state 109
    conditional_expression     go to state 151
    assignment_expression      go to state 152
    expression                 go to state 464


State 439

  260 iteration_statement: FOR '(' declaration expression_statement • ')' statement
  261                    | FOR '(' declaration expression_statement • expression ')' statement

    SIZEOF                shift, and go to state 74
    INC_OP                shift, and go to state 75
    DEC_OP                shift, and go to state 76
    ALIGNOF               shift, and go to state 77
    IDENTIFIER            shift, and go to state 78
    STRING_LITERAL        shift, and go to state 79
    ENUMERATION_CONSTANT  shift, and go to state 80
    FUNC_NAME             shift, and go to state 81
    GENERIC               shift, and go to state 82
    I_CONSTANT            shift, and go to state 83
    F_CONSTANT            shift, and go to state 84
    '('                   shift, and go to state 85
    ')'                   shift, and go to state 465
    '&'                   shift, and go to state 86
    '*'                   shift, and go to state 87
    '+'                   shift, and go to state 88
    '-'                   shift, and go to state 89
    '~'                   shift, and go to state 90
    '!'                   shift, and go to state 91

    primary_expression         go to state 92
    constant                   go to state 93
    string                     go to state 94
    generic_selection          go to state 95
    postfix_expression         go to state 96
    unary_expression           go to state 150
    unary_operator             go to state 98
    cast_expression            go to state 99
    multiplicative_expression  go to state 100
    additive_expression        go to state 101
    shift_expression           go to state 102
    relational_expression      go to state 103
    equality_expression        go to state 104
    and_expression             go to state 105
    exclusive_or_expression    go to state 106
    inclusive_or_expression    go to state 107
    logical_and_expression     go to state 108
    logical_or_expression      go to state 109
    conditional_expression     go to state 151
    assignment_expression      go to state 152
    expression                 go to state 466


State 440

  258 iteration_statement: FOR '(' expression_statement expression_statement • ')' statement
  259                    | FOR '(' expression_statement expression_statement • expression ')' statement

    SIZEOF                shift, and go to state 74
    INC_OP                shift, and go to state 75
    DEC_OP                shift, and go to state 76
    ALIGNOF               shift, and go to state 77
    IDENTIFIER            shift, and go to state 78
    STRING_LITERAL        shift, and go to state 79
    ENUMERATION_CONSTANT  shift, and go to state 80
    FUNC_NAME             shift, and go to state 81
    GENERIC               shift, and go to state 82
    I_CONSTANT            shift, and go to state 83
    F_CONSTANT            shift, and go to state 84
    '('                   shift, and go to state 85
    ')'                   shift, and go to state 467
    '&'                   shift, and go to state 86
    '*'                   shift, and go to state 87
    '+'                   shift, and go to state 88
    '-'                   shift, and go to state 89
    '~'                   shift, and go to state 90
    '!'                   shift, and go to state 91

    primary_expression         go to state 92
    constant                   go to state 93
    string                     go to state 94
    generic_selection          go to state 95
    postfix_expression         go to state 96
    unary_expression           go to state 150
    unary_operator             go to state 98
    cast_expression            go to state 99
    multiplicative_expression  go to state 100
    additive_expression        go to state 101
    shift_expression           go to state 102
    relational_expression      go to state 103
    equality_expression        go to state 104
    and_expression             go to state 105
    exclusive_or_expression    go to state 106
    inclusive_or_expression    go to state 107
    logical_and_expression     go to state 108
    logical_or_expression      go to state 109
    conditional_expression     go to state 151
    assignment_expression      go to state 152
    expression                 go to state 468


State 441

   88 expression: expression • ',' assignment_expression
  256 iteration_statement: FOR declaration expression_statement expression • compound_statement

    ','  shift, and go to state 269
    '{'  shift, and go to state 125

    compound_statement  go to state 469


State 442

  257 iteration_statement: FOR declaration expression_statement compound_statement •

    $default  reduce using rule 257 (iteration_statement)


State 443

  254 iteration_statement: FOR expression_statement expression_statement compound_statement •

    $default  reduce using rule 254 (iteration_statement)


State 444

  255 iteration_statement: FOR expression_statement expression_statement expression_statement • compound_statement

    '{'  shift, and go to state 125

    compound_statement  go to state 470


State 445

  224 initializer: '{' initializer_list ',' '}' •

    $default  reduce using rule 224 (initializer)


State 446

  172 direct_declarator: direct_declarator '[' STATIC type_qualifier_list assignment_expression ']' •

    $default  reduce using rule 172 (direct_declarator)


State 447

  175 direct_declarator: direct_declarator '[' type_qualifier_list STATIC assignment_expression ']' •

    $default  reduce using rule 175 (direct_declarator)


State 448

   16 generic_association: DEFAULT ':' • assignment_expression

    SIZEOF                shift, and go to state 74
    INC_OP                shift, and go to state 75
    DEC_OP                shift, and go to state 76
    ALIGNOF               shift, and go to state 77
    IDENTIFIER            shift, and go to state 78
    STRING_LITERAL        shift, and go to state 79
    ENUMERATION_CONSTANT  shift, and go to state 80
    FUNC_NAME             shift, and go to state 81
    GENERIC               shift, and go to state 82
    I_CONSTANT            shift, and go to state 83
    F_CONSTANT            shift, and go to state 84
    '('                   shift, and go to state 85
    '&'                   shift, and go to state 86
    '*'                   shift, and go to state 87
    '+'                   shift, and go to state 88
    '-'                   shift, and go to state 89
    '~'                   shift, and go to state 90
    '!'                   shift, and go to state 91

    primary_expression         go to state 92
    constant                   go to state 93
    string                     go to state 94
    generic_selection          go to state 95
    postfix_expression         go to state 96
    unary_expression           go to state 150
    unary_operator             go to state 98
    cast_expression            go to state 99
    multiplicative_expression  go to state 100
    additive_expression        go to state 101
    shift_expression           go to state 102
    relational_expression      go to state 103
    equality_expression        go to state 104
    and_expression             go to state 105
    exclusive_or_expression    go to state 106
    inclusive_or_expression    go to state 107
    logical_and_expression     go to state 108
    logical_or_expression      go to state 109
    conditional_expression     go to state 151
    assignment_expression      go to state 471


State 449

   12 generic_selection: GENERIC '(' assignment_expression ',' generic_assoc_list ')' •

    $default  reduce using rule 12 (generic_selection)


State 450

   14 generic_assoc_list: generic_assoc_list ',' • generic_association

    TYPEDEF_NAME  shift, and go to state 1
    CONST         shift, and go to state 8
    RESTRICT      shift, and go to state 9
    VOLATILE      shift, and go to state 10
    CHAR          shift, and go to state 11
    SHORT         shift, and go to state 12
    LONG          shift, and go to state 13
    SIGNED        shift, and go to state 14
    UNSIGNED      shift, and go to state 15
    VOID          shift, and go to state 16
    COMPLEX       shift, and go to state 17
    IMAGINARY     shift, and go to state 18
    STRUCT        shift, and go to state 19
    UNION         shift, and go to state 20
    ENUM          shift, and go to state 21
    DEFAULT       shift, and go to state 413
    ATOMIC        shift, and go to state 23
    INT           shift, and go to state 27
    FLOAT         shift, and go to state 28
    DOUBLE        shift, and go to state 29
    BOOL          shift, and go to state 30

    generic_association        go to state 472
    type_specifier             go to state 112
    struct_or_union_specifier  go to state 35
    struct_or_union            go to state 36
    specifier_qualifier_list   go to state 113
    enum_specifier             go to state 37
    atomic_type_specifier      go to state 38
    type_qualifier             go to state 114
    type_name                  go to state 416


State 451

   15 generic_association: type_name ':' • assignment_expression

    SIZEOF                shift, and go to state 74
    INC_OP                shift, and go to state 75
    DEC_OP                shift, and go to state 76
    ALIGNOF               shift, and go to state 77
    IDENTIFIER            shift, and go to state 78
    STRING_LITERAL        shift, and go to state 79
    ENUMERATION_CONSTANT  shift, and go to state 80
    FUNC_NAME             shift, and go to state 81
    GENERIC               shift, and go to state 82
    I_CONSTANT            shift, and go to state 83
    F_CONSTANT            shift, and go to state 84
    '('                   shift, and go to state 85
    '&'                   shift, and go to state 86
    '*'                   shift, and go to state 87
    '+'                   shift, and go to state 88
    '-'                   shift, and go to state 89
    '~'                   shift, and go to state 90
    '!'                   shift, and go to state 91

    primary_expression         go to state 92
    constant                   go to state 93
    string                     go to state 94
    generic_selection          go to state 95
    postfix_expression         go to state 96
    unary_expression           go to state 150
    unary_operator             go to state 98
    cast_expression            go to state 99
    multiplicative_expression  go to state 100
    additive_expression        go to state 101
    shift_expression           go to state 102
    relational_expression      go to state 103
    equality_expression        go to state 104
    and_expression             go to state 105
    exclusive_or_expression    go to state 106
    inclusive_or_expression    go to state 107
    logical_and_expression     go to state 108
    logical_or_expression      go to state 109
    conditional_expression     go to state 151
    assignment_expression      go to state 473


State 452

   26 postfix_expression: '(' type_name ')' '{' initializer_list ',' • '}'

    '}'  shift, and go to state 474


State 453

   25 postfix_expression: '(' type_name ')' '{' initializer_list '}' •

    $default  reduce using rule 25 (postfix_expression)


State 454

  205 direct_abstract_declarator: '[' STATIC type_qualifier_list assignment_expression ']' •

    $default  reduce using rule 205 (direct_abstract_declarator)


State 455

  207 direct_abstract_declarator: '[' type_qualifier_list STATIC assignment_expression ']' •

    $default  reduce using rule 207 (direct_abstract_declarator)


State 456

  214 direct_abstract_declarator: direct_abstract_declarator '[' STATIC assignment_expression ']' •

    $default  reduce using rule 214 (direct_abstract_declarator)


State 457

  213 direct_abstract_declarator: direct_abstract_declarator '[' STATIC type_qualifier_list assignment_expression • ']'

    ']'  shift, and go to state 475


State 458

  216 direct_abstract_declarator: direct_abstract_declarator '[' type_qualifier_list STATIC assignment_expression • ']'

    ']'  shift, and go to state 476


State 459

  215 direct_abstract_declarator: direct_abstract_declarator '[' type_qualifier_list assignment_expression ']' •

    $default  reduce using rule 215 (direct_abstract_declarator)


State 460

  245 selection_statement: IF '(' expression ')' statement • ELSE statement
  246                    | IF '(' expression ')' statement •

    ELSE  shift, and go to state 477

    ELSE      [reduce using rule 246 (selection_statement)]
    $default  reduce using rule 246 (selection_statement)


State 461

  247 selection_statement: IF expression compound_statement ELSE compound_statement •

    $default  reduce using rule 247 (selection_statement)


State 462

  249 selection_statement: SWITCH '(' expression ')' statement •

    $default  reduce using rule 249 (selection_statement)


State 463

  251 iteration_statement: WHILE '(' expression ')' statement •

    $default  reduce using rule 251 (iteration_statement)


State 464

   88 expression: expression • ',' assignment_expression
  253 iteration_statement: DO statement WHILE '(' expression • ')' ';'

    ')'  shift, and go to state 478
    ','  shift, and go to state 269


State 465

  260 iteration_statement: FOR '(' declaration expression_statement ')' • statement

    SIZEOF                shift, and go to state 74
    INC_OP                shift, and go to state 75
    DEC_OP                shift, and go to state 76
    CASE                  shift, and go to state 197
    DEFAULT               shift, and go to state 198
    IF                    shift, and go to state 199
    SWITCH                shift, and go to state 200
    WHILE                 shift, and go to state 201
    DO                    shift, and go to state 202
    FOR                   shift, and go to state 203
    GOTO                  shift, and go to state 204
    CONTINUE              shift, and go to state 205
    BREAK                 shift, and go to state 206
    RETURN                shift, and go to state 207
    ALIGNOF               shift, and go to state 77
    IDENTIFIER            shift, and go to state 208
    STRING_LITERAL        shift, and go to state 79
    ENUMERATION_CONSTANT  shift, and go to state 80
    FUNC_NAME             shift, and go to state 81
    GENERIC               shift, and go to state 82
    I_CONSTANT            shift, and go to state 83
    F_CONSTANT            shift, and go to state 84
    '('                   shift, and go to state 85
    '{'                   shift, and go to state 125
    '&'                   shift, and go to state 86
    '*'                   shift, and go to state 87
    '+'                   shift, and go to state 88
    '-'                   shift, and go to state 89
    '~'                   shift, and go to state 90
    '!'                   shift, and go to state 91
    ';'                   shift, and go to state 210

    primary_expression         go to state 92
    constant                   go to state 93
    string                     go to state 94
    generic_selection          go to state 95
    postfix_expression         go to state 96
    unary_expression           go to state 150
    unary_operator             go to state 98
    cast_expression            go to state 99
    multiplicative_expression  go to state 100
    additive_expression        go to state 101
    shift_expression           go to state 102
    relational_expression      go to state 103
    equality_expression        go to state 104
    and_expression             go to state 105
    exclusive_or_expression    go to state 106
    inclusive_or_expression    go to state 107
    logical_and_expression     go to state 108
    logical_or_expression      go to state 109
    conditional_expression     go to state 151
    assignment_expression      go to state 152
    expression                 go to state 211
    statement                  go to state 479
    labeled_statement          go to state 214
    compound_statement         go to state 215
    expression_statement       go to state 218
    selection_statement        go to state 219
    iteration_statement        go to state 220
    jump_statement             go to state 221


State 466

   88 expression: expression • ',' assignment_expression
  261 iteration_statement: FOR '(' declaration expression_statement expression • ')' statement

    ')'  shift, and go to state 480
    ','  shift, and go to state 269


State 467

  258 iteration_statement: FOR '(' expression_statement expression_statement ')' • statement

    SIZEOF                shift, and go to state 74
    INC_OP                shift, and go to state 75
    DEC_OP                shift, and go to state 76
    CASE                  shift, and go to state 197
    DEFAULT               shift, and go to state 198
    IF                    shift, and go to state 199
    SWITCH                shift, and go to state 200
    WHILE                 shift, and go to state 201
    DO                    shift, and go to state 202
    FOR                   shift, and go to state 203
    GOTO                  shift, and go to state 204
    CONTINUE              shift, and go to state 205
    BREAK                 shift, and go to state 206
    RETURN                shift, and go to state 207
    ALIGNOF               shift, and go to state 77
    IDENTIFIER            shift, and go to state 208
    STRING_LITERAL        shift, and go to state 79
    ENUMERATION_CONSTANT  shift, and go to state 80
    FUNC_NAME             shift, and go to state 81
    GENERIC               shift, and go to state 82
    I_CONSTANT            shift, and go to state 83
    F_CONSTANT            shift, and go to state 84
    '('                   shift, and go to state 85
    '{'                   shift, and go to state 125
    '&'                   shift, and go to state 86
    '*'                   shift, and go to state 87
    '+'                   shift, and go to state 88
    '-'                   shift, and go to state 89
    '~'                   shift, and go to state 90
    '!'                   shift, and go to state 91
    ';'                   shift, and go to state 210

    primary_expression         go to state 92
    constant                   go to state 93
    string                     go to state 94
    generic_selection          go to state 95
    postfix_expression         go to state 96
    unary_expression           go to state 150
    unary_operator             go to state 98
    cast_expression            go to state 99
    multiplicative_expression  go to state 100
    additive_expression        go to state 101
    shift_expression           go to state 102
    relational_expression      go to state 103
    equality_expression        go to state 104
    and_expression             go to state 105
    exclusive_or_expression    go to state 106
    inclusive_or_expression    go to state 107
    logical_and_expression     go to state 108
    logical_or_expression      go to state 109
    conditional_expression     go to state 151
    assignment_expression      go to state 152
    expression                 go to state 211
    statement                  go to state 481
    labeled_statement          go to state 214
    compound_statement         go to state 215
    expression_statement       go to state 218
    selection_statement        go to state 219
    iteration_statement        go to state 220
    jump_statement             go to state 221


State 468

   88 expression: expression • ',' assignment_expression
  259 iteration_statement: FOR '(' expression_statement expression_statement expression • ')' statement

    ')'  shift, and go to state 482
    ','  shift, and go to state 269


State 469

  256 iteration_statement: FOR declaration expression_statement expression compound_statement •

    $default  reduce using rule 256 (iteration_statement)


State 470

  255 iteration_statement: FOR expression_statement expression_statement expression_statement compound_statement •

    $default  reduce using rule 255 (iteration_statement)


State 471

   16 generic_association: DEFAULT ':' assignment_expression •

    $default  reduce using rule 16 (generic_association)


State 472

   14 generic_assoc_list: generic_assoc_list ',' generic_association •

    $default  reduce using rule 14 (generic_assoc_list)


State 473

   15 generic_association: type_name ':' assignment_expression •

    $default  reduce using rule 15 (generic_association)


State 474

   26 postfix_expression: '(' type_name ')' '{' initializer_list ',' '}' •

    $default  reduce using rule 26 (postfix_expression)


State 475

  213 direct_abstract_declarator: direct_abstract_declarator '[' STATIC type_qualifier_list assignment_expression ']' •

    $default  reduce using rule 213 (direct_abstract_declarator)


State 476

  216 direct_abstract_declarator: direct_abstract_declarator '[' type_qualifier_list STATIC assignment_expression ']' •

    $default  reduce using rule 216 (direct_abstract_declarator)


State 477

  245 selection_statement: IF '(' expression ')' statement ELSE • statement

    SIZEOF                shift, and go to state 74
    INC_OP                shift, and go to state 75
    DEC_OP                shift, and go to state 76
    CASE                  shift, and go to state 197
    DEFAULT               shift, and go to state 198
    IF                    shift, and go to state 199
    SWITCH                shift, and go to state 200
    WHILE                 shift, and go to state 201
    DO                    shift, and go to state 202
    FOR                   shift, and go to state 203
    GOTO                  shift, and go to state 204
    CONTINUE              shift, and go to state 205
    BREAK                 shift, and go to state 206
    RETURN                shift, and go to state 207
    ALIGNOF               shift, and go to state 77
    IDENTIFIER            shift, and go to state 208
    STRING_LITERAL        shift, and go to state 79
    ENUMERATION_CONSTANT  shift, and go to state 80
    FUNC_NAME             shift, and go to state 81
    GENERIC               shift, and go to state 82
    I_CONSTANT            shift, and go to state 83
    F_CONSTANT            shift, and go to state 84
    '('                   shift, and go to state 85
    '{'                   shift, and go to state 125
    '&'                   shift, and go to state 86
    '*'                   shift, and go to state 87
    '+'                   shift, and go to state 88
    '-'                   shift, and go to state 89
    '~'                   shift, and go to state 90
    '!'                   shift, and go to state 91
    ';'                   shift, and go to state 210

    primary_expression         go to state 92
    constant                   go to state 93
    string                     go to state 94
    generic_selection          go to state 95
    postfix_expression         go to state 96
    unary_expression           go to state 150
    unary_operator             go to state 98
    cast_expression            go to state 99
    multiplicative_expression  go to state 100
    additive_expression        go to state 101
    shift_expression           go to state 102
    relational_expression      go to state 103
    equality_expression        go to state 104
    and_expression             go to state 105
    exclusive_or_expression    go to state 106
    inclusive_or_expression    go to state 107
    logical_and_expression     go to state 108
    logical_or_expression      go to state 109
    conditional_expression     go to state 151
    assignment_expression      go to state 152
    expression                 go to state 211
    statement                  go to state 483
    labeled_statement          go to state 214
    compound_statement         go to state 215
    expression_statement       go to state 218
    selection_statement        go to state 219
    iteration_statement        go to state 220
    jump_statement             go to state 221


State 478

  253 iteration_statement: DO statement WHILE '(' expression ')' • ';'

    ';'  shift, and go to state 484


State 479

  260 iteration_statement: FOR '(' declaration expression_statement ')' statement •

    $default  reduce using rule 260 (iteration_statement)


State 480

  261 iteration_statement: FOR '(' declaration expression_statement expression ')' • statement

    SIZEOF                shift, and go to state 74
    INC_OP                shift, and go to state 75
    DEC_OP                shift, and go to state 76
    CASE                  shift, and go to state 197
    DEFAULT               shift, and go to state 198
    IF                    shift, and go to state 199
    SWITCH                shift, and go to state 200
    WHILE                 shift, and go to state 201
    DO                    shift, and go to state 202
    FOR                   shift, and go to state 203
    GOTO                  shift, and go to state 204
    CONTINUE              shift, and go to state 205
    BREAK                 shift, and go to state 206
    RETURN                shift, and go to state 207
    ALIGNOF               shift, and go to state 77
    IDENTIFIER            shift, and go to state 208
    STRING_LITERAL        shift, and go to state 79
    ENUMERATION_CONSTANT  shift, and go to state 80
    FUNC_NAME             shift, and go to state 81
    GENERIC               shift, and go to state 82
    I_CONSTANT            shift, and go to state 83
    F_CONSTANT            shift, and go to state 84
    '('                   shift, and go to state 85
    '{'                   shift, and go to state 125
    '&'                   shift, and go to state 86
    '*'                   shift, and go to state 87
    '+'                   shift, and go to state 88
    '-'                   shift, and go to state 89
    '~'                   shift, and go to state 90
    '!'                   shift, and go to state 91
    ';'                   shift, and go to state 210

    primary_expression         go to state 92
    constant                   go to state 93
    string                     go to state 94
    generic_selection          go to state 95
    postfix_expression         go to state 96
    unary_expression           go to state 150
    unary_operator             go to state 98
    cast_expression            go to state 99
    multiplicative_expression  go to state 100
    additive_expression        go to state 101
    shift_expression           go to state 102
    relational_expression      go to state 103
    equality_expression        go to state 104
    and_expression             go to state 105
    exclusive_or_expression    go to state 106
    inclusive_or_expression    go to state 107
    logical_and_expression     go to state 108
    logical_or_expression      go to state 109
    conditional_expression     go to state 151
    assignment_expression      go to state 152
    expression                 go to state 211
    statement                  go to state 485
    labeled_statement          go to state 214
    compound_statement         go to state 215
    expression_statement       go to state 218
    selection_statement        go to state 219
    iteration_statement        go to state 220
    jump_statement             go to state 221


State 481

  258 iteration_statement: FOR '(' expression_statement expression_statement ')' statement •

    $default  reduce using rule 258 (iteration_statement)


State 482

  259 iteration_statement: FOR '(' expression_statement expression_statement expression ')' • statement

    SIZEOF                shift, and go to state 74
    INC_OP                shift, and go to state 75
    DEC_OP                shift, and go to state 76
    CASE                  shift, and go to state 197
    DEFAULT               shift, and go to state 198
    IF                    shift, and go to state 199
    SWITCH                shift, and go to state 200
    WHILE                 shift, and go to state 201
    DO                    shift, and go to state 202
    FOR                   shift, and go to state 203
    GOTO                  shift, and go to state 204
    CONTINUE              shift, and go to state 205
    BREAK                 shift, and go to state 206
    RETURN                shift, and go to state 207
    ALIGNOF               shift, and go to state 77
    IDENTIFIER            shift, and go to state 208
    STRING_LITERAL        shift, and go to state 79
    ENUMERATION_CONSTANT  shift, and go to state 80
    FUNC_NAME             shift, and go to state 81
    GENERIC               shift, and go to state 82
    I_CONSTANT            shift, and go to state 83
    F_CONSTANT            shift, and go to state 84
    '('                   shift, and go to state 85
    '{'                   shift, and go to state 125
    '&'                   shift, and go to state 86
    '*'                   shift, and go to state 87
    '+'                   shift, and go to state 88
    '-'                   shift, and go to state 89
    '~'                   shift, and go to state 90
    '!'                   shift, and go to state 91
    ';'                   shift, and go to state 210

    primary_expression         go to state 92
    constant                   go to state 93
    string                     go to state 94
    generic_selection          go to state 95
    postfix_expression         go to state 96
    unary_expression           go to state 150
    unary_operator             go to state 98
    cast_expression            go to state 99
    multiplicative_expression  go to state 100
    additive_expression        go to state 101
    shift_expression           go to state 102
    relational_expression      go to state 103
    equality_expression        go to state 104
    and_expression             go to state 105
    exclusive_or_expression    go to state 106
    inclusive_or_expression    go to state 107
    logical_and_expression     go to state 108
    logical_or_expression      go to state 109
    conditional_expression     go to state 151
    assignment_expression      go to state 152
    expression                 go to state 211
    statement                  go to state 486
    labeled_statement          go to state 214
    compound_statement         go to state 215
    expression_statement       go to state 218
    selection_statement        go to state 219
    iteration_statement        go to state 220
    jump_statement             go to state 221


State 483

  245 selection_statement: IF '(' expression ')' statement ELSE statement •

    $default  reduce using rule 245 (selection_statement)


State 484

  253 iteration_statement: DO statement WHILE '(' expression ')' ';' •

    $default  reduce using rule 253 (iteration_statement)


State 485

  261 iteration_statement: FOR '(' declaration expression_statement expression ')' statement •

    $default  reduce using rule 261 (iteration_statement)


State 486

  259 iteration_statement: FOR '(' expression_statement expression_statement expression ')' statement •

    $default  reduce using rule 259 (iteration_statement)
